2025-09-17 11:19:59 INFO  LibraryManagementApp:29 - Starting Library Management System...
2025-09-17 11:19:59 INFO  LibraryManagementApp:48 - Initializing sample data...
2025-09-17 11:20:00 INFO  Version:44 - HHH000412: Hibernate ORM core version 5.6.15.Final
2025-09-17 11:20:00 INFO  Version:56 - HCANN000001: Hibernate Commons Annotations {5.1.2.Final}
2025-09-17 11:20:00 WARN  pooling:75 - HHH10001002: Using Hibernate built-in connection pool (not for production use!)
2025-09-17 11:20:00 INFO  pooling:119 - HHH10001005: using driver [com.mysql.cj.jdbc.Driver] at URL [jdbc:mysql://localhost:3306/library_db?useSSL=false&serverTimezone=UTC]
2025-09-17 11:20:00 INFO  pooling:128 - HHH10001001: Connection properties: {password=****, user=resmi}
2025-09-17 11:20:00 INFO  pooling:132 - HHH10001003: Autocommit mode: false
2025-09-17 11:20:00 INFO  DriverManagerConnectionProviderImpl:322 - HHH000115: Hibernate connection pool size: 10 (min=1)
2025-09-17 11:20:00 WARN  JdbcEnvironmentInitiator:133 - HHH000342: Could not obtain connection to query metadata
java.lang.IllegalStateException: Cannot get a connection as the driver manager is not properly initialized
	at org.hibernate.engine.jdbc.connections.internal.DriverManagerConnectionProviderImpl.getConnection(DriverManagerConnectionProviderImpl.java:220)
	at org.hibernate.engine.jdbc.env.internal.JdbcEnvironmentInitiator$ConnectionProviderJdbcConnectionAccess.obtainConnection(JdbcEnvironmentInitiator.java:181)
	at org.hibernate.engine.jdbc.env.internal.JdbcEnvironmentInitiator.initiateService(JdbcEnvironmentInitiator.java:68)
	at org.hibernate.engine.jdbc.env.internal.JdbcEnvironmentInitiator.initiateService(JdbcEnvironmentInitiator.java:35)
	at org.hibernate.boot.registry.internal.StandardServiceRegistryImpl.initiateService(StandardServiceRegistryImpl.java:101)
	at org.hibernate.service.internal.AbstractServiceRegistryImpl.createService(AbstractServiceRegistryImpl.java:272)
	at org.hibernate.service.internal.AbstractServiceRegistryImpl.initializeService(AbstractServiceRegistryImpl.java:246)
	at org.hibernate.service.internal.AbstractServiceRegistryImpl.getService(AbstractServiceRegistryImpl.java:223)
	at org.hibernate.engine.jdbc.internal.JdbcServicesImpl.configure(JdbcServicesImpl.java:51)
	at org.hibernate.boot.registry.internal.StandardServiceRegistryImpl.configureService(StandardServiceRegistryImpl.java:107)
	at org.hibernate.service.internal.AbstractServiceRegistryImpl.initializeService(AbstractServiceRegistryImpl.java:255)
	at org.hibernate.service.internal.AbstractServiceRegistryImpl.getService(AbstractServiceRegistryImpl.java:223)
	at org.hibernate.engine.jdbc.connections.internal.BasicConnectionCreator.convertSqlException(BasicConnectionCreator.java:129)
	at org.hibernate.engine.jdbc.connections.internal.DriverConnectionCreator.makeConnection(DriverConnectionCreator.java:42)
	at org.hibernate.engine.jdbc.connections.internal.BasicConnectionCreator.createConnection(BasicConnectionCreator.java:62)
	at org.hibernate.engine.jdbc.connections.internal.DriverManagerConnectionProviderImpl$PooledConnections.addConnections(DriverManagerConnectionProviderImpl.java:457)
	at org.hibernate.engine.jdbc.connections.internal.DriverManagerConnectionProviderImpl$PooledConnections.<init>(DriverManagerConnectionProviderImpl.java:323)
	at org.hibernate.engine.jdbc.connections.internal.DriverManagerConnectionProviderImpl$PooledConnections.<init>(DriverManagerConnectionProviderImpl.java:297)
	at org.hibernate.engine.jdbc.connections.internal.DriverManagerConnectionProviderImpl$PooledConnections$Builder.build(DriverManagerConnectionProviderImpl.java:501)
	at org.hibernate.engine.jdbc.connections.internal.DriverManagerConnectionProviderImpl.buildPool(DriverManagerConnectionProviderImpl.java:101)
	at org.hibernate.engine.jdbc.connections.internal.DriverManagerConnectionProviderImpl.configure(DriverManagerConnectionProviderImpl.java:76)
	at org.hibernate.boot.registry.internal.StandardServiceRegistryImpl.configureService(StandardServiceRegistryImpl.java:107)
	at org.hibernate.service.internal.AbstractServiceRegistryImpl.initializeService(AbstractServiceRegistryImpl.java:255)
	at org.hibernate.service.internal.AbstractServiceRegistryImpl.getService(AbstractServiceRegistryImpl.java:223)
	at org.hibernate.engine.jdbc.env.internal.JdbcEnvironmentInitiator.buildJdbcConnectionAccess(JdbcEnvironmentInitiator.java:146)
	at org.hibernate.engine.jdbc.env.internal.JdbcEnvironmentInitiator.initiateService(JdbcEnvironmentInitiator.java:66)
	at org.hibernate.engine.jdbc.env.internal.JdbcEnvironmentInitiator.initiateService(JdbcEnvironmentInitiator.java:35)
	at org.hibernate.boot.registry.internal.StandardServiceRegistryImpl.initiateService(StandardServiceRegistryImpl.java:101)
	at org.hibernate.service.internal.AbstractServiceRegistryImpl.createService(AbstractServiceRegistryImpl.java:272)
	at org.hibernate.service.internal.AbstractServiceRegistryImpl.initializeService(AbstractServiceRegistryImpl.java:246)
	at org.hibernate.service.internal.AbstractServiceRegistryImpl.getService(AbstractServiceRegistryImpl.java:223)
	at org.hibernate.id.factory.internal.DefaultIdentifierGeneratorFactory.injectServices(DefaultIdentifierGeneratorFactory.java:175)
	at org.hibernate.service.internal.AbstractServiceRegistryImpl.injectDependencies(AbstractServiceRegistryImpl.java:295)
	at org.hibernate.service.internal.AbstractServiceRegistryImpl.initializeService(AbstractServiceRegistryImpl.java:252)
	at org.hibernate.service.internal.AbstractServiceRegistryImpl.getService(AbstractServiceRegistryImpl.java:223)
	at org.hibernate.boot.internal.InFlightMetadataCollectorImpl.<init>(InFlightMetadataCollectorImpl.java:173)
	at org.hibernate.boot.model.process.spi.MetadataBuildingProcess.complete(MetadataBuildingProcess.java:127)
	at org.hibernate.boot.model.process.spi.MetadataBuildingProcess.build(MetadataBuildingProcess.java:86)
	at org.hibernate.boot.internal.MetadataBuilderImpl.build(MetadataBuilderImpl.java:479)
	at org.hibernate.boot.internal.MetadataBuilderImpl.build(MetadataBuilderImpl.java:85)
	at org.hibernate.cfg.Configuration.buildSessionFactory(Configuration.java:709)
	at util.HibernateUtil.<clinit>(HibernateUtil.java:25)
	at dao.GenericDAOImpl.openSession(GenericDAOImpl.java:35)
	at dao.CategoryDAOImpl.findByName(CategoryDAOImpl.java:20)
	at service.LibraryService.addCategory(LibraryService.java:229)
	at main.LibraryManagementApp.initializeSampleData(LibraryManagementApp.java:52)
	at main.LibraryManagementApp.main(LibraryManagementApp.java:33)
2025-09-17 11:20:00 INFO  Dialect:175 - HHH000400: Using dialect: org.hibernate.dialect.MySQL8Dialect
2025-09-17 11:20:00 WARN  SqlExceptionHelper:137 - SQL Error: 0, SQLState: 08001
2025-09-17 11:20:00 ERROR SqlExceptionHelper:142 - Public Key Retrieval is not allowed
2025-09-17 11:20:00 ERROR HibernateUtil:29 - Initial SessionFactory creation failed
org.hibernate.service.spi.ServiceException: Unable to create requested service [org.hibernate.engine.jdbc.env.spi.JdbcEnvironment]
	at org.hibernate.service.internal.AbstractServiceRegistryImpl.createService(AbstractServiceRegistryImpl.java:284)
	at org.hibernate.service.internal.AbstractServiceRegistryImpl.initializeService(AbstractServiceRegistryImpl.java:246)
	at org.hibernate.service.internal.AbstractServiceRegistryImpl.getService(AbstractServiceRegistryImpl.java:223)
	at org.hibernate.id.factory.internal.DefaultIdentifierGeneratorFactory.injectServices(DefaultIdentifierGeneratorFactory.java:175)
	at org.hibernate.service.internal.AbstractServiceRegistryImpl.injectDependencies(AbstractServiceRegistryImpl.java:295)
	at org.hibernate.service.internal.AbstractServiceRegistryImpl.initializeService(AbstractServiceRegistryImpl.java:252)
	at org.hibernate.service.internal.AbstractServiceRegistryImpl.getService(AbstractServiceRegistryImpl.java:223)
	at org.hibernate.boot.internal.InFlightMetadataCollectorImpl.<init>(InFlightMetadataCollectorImpl.java:173)
	at org.hibernate.boot.model.process.spi.MetadataBuildingProcess.complete(MetadataBuildingProcess.java:127)
	at org.hibernate.boot.model.process.spi.MetadataBuildingProcess.build(MetadataBuildingProcess.java:86)
	at org.hibernate.boot.internal.MetadataBuilderImpl.build(MetadataBuilderImpl.java:479)
	at org.hibernate.boot.internal.MetadataBuilderImpl.build(MetadataBuilderImpl.java:85)
	at org.hibernate.cfg.Configuration.buildSessionFactory(Configuration.java:709)
	at util.HibernateUtil.<clinit>(HibernateUtil.java:25)
	at dao.GenericDAOImpl.openSession(GenericDAOImpl.java:35)
	at dao.CategoryDAOImpl.findByName(CategoryDAOImpl.java:20)
	at service.LibraryService.addCategory(LibraryService.java:229)
	at main.LibraryManagementApp.initializeSampleData(LibraryManagementApp.java:52)
	at main.LibraryManagementApp.main(LibraryManagementApp.java:33)
Caused by: org.hibernate.exception.JDBCConnectionException: Error calling Driver#connect
	at org.hibernate.exception.internal.SQLExceptionTypeDelegate.convert(SQLExceptionTypeDelegate.java:48)
	at org.hibernate.exception.internal.StandardSQLExceptionConverter.convert(StandardSQLExceptionConverter.java:37)
	at org.hibernate.engine.jdbc.spi.SqlExceptionHelper.convert(SqlExceptionHelper.java:113)
	at org.hibernate.engine.jdbc.connections.internal.BasicConnectionCreator.convertSqlException(BasicConnectionCreator.java:131)
	at org.hibernate.engine.jdbc.connections.internal.DriverConnectionCreator.makeConnection(DriverConnectionCreator.java:42)
	at org.hibernate.engine.jdbc.connections.internal.BasicConnectionCreator.createConnection(BasicConnectionCreator.java:62)
	at org.hibernate.engine.jdbc.connections.internal.DriverManagerConnectionProviderImpl$PooledConnections.addConnections(DriverManagerConnectionProviderImpl.java:457)
	at org.hibernate.engine.jdbc.connections.internal.DriverManagerConnectionProviderImpl$PooledConnections.<init>(DriverManagerConnectionProviderImpl.java:323)
	at org.hibernate.engine.jdbc.connections.internal.DriverManagerConnectionProviderImpl$PooledConnections.<init>(DriverManagerConnectionProviderImpl.java:297)
	at org.hibernate.engine.jdbc.connections.internal.DriverManagerConnectionProviderImpl$PooledConnections$Builder.build(DriverManagerConnectionProviderImpl.java:501)
	at org.hibernate.engine.jdbc.connections.internal.DriverManagerConnectionProviderImpl.buildPool(DriverManagerConnectionProviderImpl.java:101)
	at org.hibernate.engine.jdbc.connections.internal.DriverManagerConnectionProviderImpl.configure(DriverManagerConnectionProviderImpl.java:76)
	at org.hibernate.boot.registry.internal.StandardServiceRegistryImpl.configureService(StandardServiceRegistryImpl.java:107)
	at org.hibernate.service.internal.AbstractServiceRegistryImpl.initializeService(AbstractServiceRegistryImpl.java:255)
	at org.hibernate.service.internal.AbstractServiceRegistryImpl.getService(AbstractServiceRegistryImpl.java:223)
	at org.hibernate.engine.jdbc.env.internal.JdbcEnvironmentInitiator.buildJdbcConnectionAccess(JdbcEnvironmentInitiator.java:146)
	at org.hibernate.engine.jdbc.env.internal.JdbcEnvironmentInitiator.initiateService(JdbcEnvironmentInitiator.java:66)
	at org.hibernate.engine.jdbc.env.internal.JdbcEnvironmentInitiator.initiateService(JdbcEnvironmentInitiator.java:35)
	at org.hibernate.boot.registry.internal.StandardServiceRegistryImpl.initiateService(StandardServiceRegistryImpl.java:101)
	at org.hibernate.service.internal.AbstractServiceRegistryImpl.createService(AbstractServiceRegistryImpl.java:272)
	... 18 more
Caused by: java.sql.SQLNonTransientConnectionException: Public Key Retrieval is not allowed
	at com.mysql.cj.jdbc.exceptions.SQLError.createSQLException(SQLError.java:111)
	at com.mysql.cj.jdbc.exceptions.SQLExceptionsMapping.translateException(SQLExceptionsMapping.java:122)
	at com.mysql.cj.jdbc.ConnectionImpl.createNewIO(ConnectionImpl.java:825)
	at com.mysql.cj.jdbc.ConnectionImpl.<init>(ConnectionImpl.java:446)
	at com.mysql.cj.jdbc.ConnectionImpl.getInstance(ConnectionImpl.java:239)
	at com.mysql.cj.jdbc.NonRegisteringDriver.connect(NonRegisteringDriver.java:188)
	at org.hibernate.engine.jdbc.connections.internal.DriverConnectionCreator.makeConnection(DriverConnectionCreator.java:39)
	... 33 more
Caused by: com.mysql.cj.exceptions.UnableToConnectException: Public Key Retrieval is not allowed
	at java.base/jdk.internal.reflect.DirectConstructorHandleAccessor.newInstance(DirectConstructorHandleAccessor.java:62)
	at java.base/java.lang.reflect.Constructor.newInstanceWithCaller(Constructor.java:502)
	at java.base/java.lang.reflect.Constructor.newInstance(Constructor.java:486)
	at com.mysql.cj.exceptions.ExceptionFactory.createException(ExceptionFactory.java:62)
	at com.mysql.cj.exceptions.ExceptionFactory.createException(ExceptionFactory.java:86)
	at com.mysql.cj.protocol.a.authentication.CachingSha2PasswordPlugin.nextAuthenticationStep(CachingSha2PasswordPlugin.java:130)
	at com.mysql.cj.protocol.a.authentication.CachingSha2PasswordPlugin.nextAuthenticationStep(CachingSha2PasswordPlugin.java:49)
	at com.mysql.cj.protocol.a.NativeAuthenticationProvider.proceedHandshakeWithPluggableAuthentication(NativeAuthenticationProvider.java:443)
	at com.mysql.cj.protocol.a.NativeAuthenticationProvider.connect(NativeAuthenticationProvider.java:213)
	at com.mysql.cj.protocol.a.NativeProtocol.connect(NativeProtocol.java:1430)
	at com.mysql.cj.NativeSession.connect(NativeSession.java:134)
	at com.mysql.cj.jdbc.ConnectionImpl.connectOneTryOnly(ConnectionImpl.java:945)
	at com.mysql.cj.jdbc.ConnectionImpl.createNewIO(ConnectionImpl.java:815)
	... 37 more
2025-09-17 11:27:03 INFO  LibraryManagementApp:29 - Starting Library Management System...
2025-09-17 11:27:03 INFO  LibraryManagementApp:48 - Initializing sample data...
2025-09-17 11:27:03 INFO  Version:44 - HHH000412: Hibernate ORM core version 5.6.15.Final
2025-09-17 11:27:04 INFO  Version:56 - HCANN000001: Hibernate Commons Annotations {5.1.2.Final}
2025-09-17 11:27:04 WARN  pooling:75 - HHH10001002: Using Hibernate built-in connection pool (not for production use!)
2025-09-17 11:27:04 INFO  pooling:119 - HHH10001005: using driver [com.mysql.cj.jdbc.Driver] at URL [jdbc:mysql://localhost:3306/library_db?useSSL=false&serverTimezone=UTC]
2025-09-17 11:27:04 INFO  pooling:128 - HHH10001001: Connection properties: {password=****, user=root}
2025-09-17 11:27:04 INFO  pooling:132 - HHH10001003: Autocommit mode: false
2025-09-17 11:27:04 INFO  DriverManagerConnectionProviderImpl:322 - HHH000115: Hibernate connection pool size: 10 (min=1)
2025-09-17 11:27:04 INFO  Dialect:175 - HHH000400: Using dialect: org.hibernate.dialect.MySQL8Dialect
2025-09-17 11:27:04 INFO  access:48 - HHH10001501: Connection obtained from JdbcConnectionAccess [org.hibernate.engine.jdbc.env.internal.JdbcEnvironmentInitiator$ConnectionProviderJdbcConnectionAccess@51e0301d] for (non-JTA) DDL execution was not in auto-commit mode; the Connection 'local transaction' will be committed and the Connection will be set into auto-commit mode.
2025-09-17 11:27:04 INFO  HibernateUtil:26 - Hibernate SessionFactory created successfully
2025-09-17 11:27:04 ERROR CategoryDAOImpl:31 - Error finding category by name: Fiction
java.lang.IllegalArgumentException: org.hibernate.hql.internal.ast.QuerySyntaxException: Category is not mapped [FROM Category c WHERE LOWER(c.name) = LOWER(:name)]
	at org.hibernate.internal.ExceptionConverterImpl.convert(ExceptionConverterImpl.java:138)
	at org.hibernate.internal.ExceptionConverterImpl.convert(ExceptionConverterImpl.java:181)
	at org.hibernate.internal.ExceptionConverterImpl.convert(ExceptionConverterImpl.java:188)
	at org.hibernate.internal.AbstractSharedSessionContract.createQuery(AbstractSharedSessionContract.java:757)
	at org.hibernate.internal.AbstractSharedSessionContract.createQuery(AbstractSharedSessionContract.java:848)
	at org.hibernate.internal.AbstractSharedSessionContract.createQuery(AbstractSharedSessionContract.java:114)
	at dao.CategoryDAOImpl.findByName(CategoryDAOImpl.java:23)
	at service.LibraryService.addCategory(LibraryService.java:229)
	at main.LibraryManagementApp.initializeSampleData(LibraryManagementApp.java:52)
	at main.LibraryManagementApp.main(LibraryManagementApp.java:33)
Caused by: org.hibernate.hql.internal.ast.QuerySyntaxException: Category is not mapped [FROM Category c WHERE LOWER(c.name) = LOWER(:name)]
	at org.hibernate.hql.internal.ast.QuerySyntaxException.generateQueryException(QuerySyntaxException.java:79)
	at org.hibernate.QueryException.wrapWithQueryString(QueryException.java:103)
	at org.hibernate.hql.internal.ast.QueryTranslatorImpl.doCompile(QueryTranslatorImpl.java:220)
	at org.hibernate.hql.internal.ast.QueryTranslatorImpl.compile(QueryTranslatorImpl.java:144)
	at org.hibernate.engine.query.spi.HQLQueryPlan.<init>(HQLQueryPlan.java:112)
	at org.hibernate.engine.query.spi.HQLQueryPlan.<init>(HQLQueryPlan.java:73)
	at org.hibernate.engine.query.spi.QueryPlanCache.getHQLQueryPlan(QueryPlanCache.java:162)
	at org.hibernate.internal.AbstractSharedSessionContract.getQueryPlan(AbstractSharedSessionContract.java:636)
	at org.hibernate.internal.AbstractSharedSessionContract.createQuery(AbstractSharedSessionContract.java:748)
	... 6 more
Caused by: org.hibernate.hql.internal.ast.QuerySyntaxException: Category is not mapped
	at org.hibernate.hql.internal.ast.util.SessionFactoryHelper.requireClassPersister(SessionFactoryHelper.java:170)
	at org.hibernate.hql.internal.ast.tree.FromElementFactory.addFromElement(FromElementFactory.java:91)
	at org.hibernate.hql.internal.ast.tree.FromClause.addFromElement(FromClause.java:77)
	at org.hibernate.hql.internal.ast.HqlSqlWalker.createFromElement(HqlSqlWalker.java:334)
	at org.hibernate.hql.internal.antlr.HqlSqlBaseWalker.fromElement(HqlSqlBaseWalker.java:3782)
	at org.hibernate.hql.internal.antlr.HqlSqlBaseWalker.fromElementList(HqlSqlBaseWalker.java:3671)
	at org.hibernate.hql.internal.antlr.HqlSqlBaseWalker.fromClause(HqlSqlBaseWalker.java:746)
	at org.hibernate.hql.internal.antlr.HqlSqlBaseWalker.query(HqlSqlBaseWalker.java:602)
	at org.hibernate.hql.internal.antlr.HqlSqlBaseWalker.selectStatement(HqlSqlBaseWalker.java:339)
	at org.hibernate.hql.internal.antlr.HqlSqlBaseWalker.statement(HqlSqlBaseWalker.java:287)
	at org.hibernate.hql.internal.ast.QueryTranslatorImpl.analyze(QueryTranslatorImpl.java:276)
	at org.hibernate.hql.internal.ast.QueryTranslatorImpl.doCompile(QueryTranslatorImpl.java:192)
	... 12 more
2025-09-17 11:27:04 ERROR LibraryService:239 - Error adding category: Fiction
java.lang.RuntimeException: Failed to find category by name
	at dao.CategoryDAOImpl.findByName(CategoryDAOImpl.java:32)
	at service.LibraryService.addCategory(LibraryService.java:229)
	at main.LibraryManagementApp.initializeSampleData(LibraryManagementApp.java:52)
	at main.LibraryManagementApp.main(LibraryManagementApp.java:33)
Caused by: java.lang.IllegalArgumentException: org.hibernate.hql.internal.ast.QuerySyntaxException: Category is not mapped [FROM Category c WHERE LOWER(c.name) = LOWER(:name)]
	at org.hibernate.internal.ExceptionConverterImpl.convert(ExceptionConverterImpl.java:138)
	at org.hibernate.internal.ExceptionConverterImpl.convert(ExceptionConverterImpl.java:181)
	at org.hibernate.internal.ExceptionConverterImpl.convert(ExceptionConverterImpl.java:188)
	at org.hibernate.internal.AbstractSharedSessionContract.createQuery(AbstractSharedSessionContract.java:757)
	at org.hibernate.internal.AbstractSharedSessionContract.createQuery(AbstractSharedSessionContract.java:848)
	at org.hibernate.internal.AbstractSharedSessionContract.createQuery(AbstractSharedSessionContract.java:114)
	at dao.CategoryDAOImpl.findByName(CategoryDAOImpl.java:23)
	... 3 more
Caused by: org.hibernate.hql.internal.ast.QuerySyntaxException: Category is not mapped [FROM Category c WHERE LOWER(c.name) = LOWER(:name)]
	at org.hibernate.hql.internal.ast.QuerySyntaxException.generateQueryException(QuerySyntaxException.java:79)
	at org.hibernate.QueryException.wrapWithQueryString(QueryException.java:103)
	at org.hibernate.hql.internal.ast.QueryTranslatorImpl.doCompile(QueryTranslatorImpl.java:220)
	at org.hibernate.hql.internal.ast.QueryTranslatorImpl.compile(QueryTranslatorImpl.java:144)
	at org.hibernate.engine.query.spi.HQLQueryPlan.<init>(HQLQueryPlan.java:112)
	at org.hibernate.engine.query.spi.HQLQueryPlan.<init>(HQLQueryPlan.java:73)
	at org.hibernate.engine.query.spi.QueryPlanCache.getHQLQueryPlan(QueryPlanCache.java:162)
	at org.hibernate.internal.AbstractSharedSessionContract.getQueryPlan(AbstractSharedSessionContract.java:636)
	at org.hibernate.internal.AbstractSharedSessionContract.createQuery(AbstractSharedSessionContract.java:748)
	... 6 more
Caused by: org.hibernate.hql.internal.ast.QuerySyntaxException: Category is not mapped
	at org.hibernate.hql.internal.ast.util.SessionFactoryHelper.requireClassPersister(SessionFactoryHelper.java:170)
	at org.hibernate.hql.internal.ast.tree.FromElementFactory.addFromElement(FromElementFactory.java:91)
	at org.hibernate.hql.internal.ast.tree.FromClause.addFromElement(FromClause.java:77)
	at org.hibernate.hql.internal.ast.HqlSqlWalker.createFromElement(HqlSqlWalker.java:334)
	at org.hibernate.hql.internal.antlr.HqlSqlBaseWalker.fromElement(HqlSqlBaseWalker.java:3782)
	at org.hibernate.hql.internal.antlr.HqlSqlBaseWalker.fromElementList(HqlSqlBaseWalker.java:3671)
	at org.hibernate.hql.internal.antlr.HqlSqlBaseWalker.fromClause(HqlSqlBaseWalker.java:746)
	at org.hibernate.hql.internal.antlr.HqlSqlBaseWalker.query(HqlSqlBaseWalker.java:602)
	at org.hibernate.hql.internal.antlr.HqlSqlBaseWalker.selectStatement(HqlSqlBaseWalker.java:339)
	at org.hibernate.hql.internal.antlr.HqlSqlBaseWalker.statement(HqlSqlBaseWalker.java:287)
	at org.hibernate.hql.internal.ast.QueryTranslatorImpl.analyze(QueryTranslatorImpl.java:276)
	at org.hibernate.hql.internal.ast.QueryTranslatorImpl.doCompile(QueryTranslatorImpl.java:192)
	... 12 more
2025-09-17 11:27:04 ERROR LibraryManagementApp:109 - Error initializing sample data
java.lang.RuntimeException: Failed to add category
	at service.LibraryService.addCategory(LibraryService.java:240)
	at main.LibraryManagementApp.initializeSampleData(LibraryManagementApp.java:52)
	at main.LibraryManagementApp.main(LibraryManagementApp.java:33)
Caused by: java.lang.RuntimeException: Failed to find category by name
	at dao.CategoryDAOImpl.findByName(CategoryDAOImpl.java:32)
	at service.LibraryService.addCategory(LibraryService.java:229)
	... 2 more
Caused by: java.lang.IllegalArgumentException: org.hibernate.hql.internal.ast.QuerySyntaxException: Category is not mapped [FROM Category c WHERE LOWER(c.name) = LOWER(:name)]
	at org.hibernate.internal.ExceptionConverterImpl.convert(ExceptionConverterImpl.java:138)
	at org.hibernate.internal.ExceptionConverterImpl.convert(ExceptionConverterImpl.java:181)
	at org.hibernate.internal.ExceptionConverterImpl.convert(ExceptionConverterImpl.java:188)
	at org.hibernate.internal.AbstractSharedSessionContract.createQuery(AbstractSharedSessionContract.java:757)
	at org.hibernate.internal.AbstractSharedSessionContract.createQuery(AbstractSharedSessionContract.java:848)
	at org.hibernate.internal.AbstractSharedSessionContract.createQuery(AbstractSharedSessionContract.java:114)
	at dao.CategoryDAOImpl.findByName(CategoryDAOImpl.java:23)
	... 3 more
Caused by: org.hibernate.hql.internal.ast.QuerySyntaxException: Category is not mapped [FROM Category c WHERE LOWER(c.name) = LOWER(:name)]
	at org.hibernate.hql.internal.ast.QuerySyntaxException.generateQueryException(QuerySyntaxException.java:79)
	at org.hibernate.QueryException.wrapWithQueryString(QueryException.java:103)
	at org.hibernate.hql.internal.ast.QueryTranslatorImpl.doCompile(QueryTranslatorImpl.java:220)
	at org.hibernate.hql.internal.ast.QueryTranslatorImpl.compile(QueryTranslatorImpl.java:144)
	at org.hibernate.engine.query.spi.HQLQueryPlan.<init>(HQLQueryPlan.java:112)
	at org.hibernate.engine.query.spi.HQLQueryPlan.<init>(HQLQueryPlan.java:73)
	at org.hibernate.engine.query.spi.QueryPlanCache.getHQLQueryPlan(QueryPlanCache.java:162)
	at org.hibernate.internal.AbstractSharedSessionContract.getQueryPlan(AbstractSharedSessionContract.java:636)
	at org.hibernate.internal.AbstractSharedSessionContract.createQuery(AbstractSharedSessionContract.java:748)
	... 6 more
Caused by: org.hibernate.hql.internal.ast.QuerySyntaxException: Category is not mapped
	at org.hibernate.hql.internal.ast.util.SessionFactoryHelper.requireClassPersister(SessionFactoryHelper.java:170)
	at org.hibernate.hql.internal.ast.tree.FromElementFactory.addFromElement(FromElementFactory.java:91)
	at org.hibernate.hql.internal.ast.tree.FromClause.addFromElement(FromClause.java:77)
	at org.hibernate.hql.internal.ast.HqlSqlWalker.createFromElement(HqlSqlWalker.java:334)
	at org.hibernate.hql.internal.antlr.HqlSqlBaseWalker.fromElement(HqlSqlBaseWalker.java:3782)
	at org.hibernate.hql.internal.antlr.HqlSqlBaseWalker.fromElementList(HqlSqlBaseWalker.java:3671)
	at org.hibernate.hql.internal.antlr.HqlSqlBaseWalker.fromClause(HqlSqlBaseWalker.java:746)
	at org.hibernate.hql.internal.antlr.HqlSqlBaseWalker.query(HqlSqlBaseWalker.java:602)
	at org.hibernate.hql.internal.antlr.HqlSqlBaseWalker.selectStatement(HqlSqlBaseWalker.java:339)
	at org.hibernate.hql.internal.antlr.HqlSqlBaseWalker.statement(HqlSqlBaseWalker.java:287)
	at org.hibernate.hql.internal.ast.QueryTranslatorImpl.analyze(QueryTranslatorImpl.java:276)
	at org.hibernate.hql.internal.ast.QueryTranslatorImpl.doCompile(QueryTranslatorImpl.java:192)
	... 12 more
2025-09-17 11:28:08 ERROR ErrorTracker:62 - line 1:6: unexpected token: Member
2025-09-17 11:28:08 ERROR ErrorTracker:57 - line 1:6: unexpected token: Member
line 1:6: unexpected token: Member
	at org.hibernate.hql.internal.antlr.HqlBaseParser.fromRange(HqlBaseParser.java:1674)
	at org.hibernate.hql.internal.antlr.HqlBaseParser.fromClause(HqlBaseParser.java:1473)
	at org.hibernate.hql.internal.antlr.HqlBaseParser.selectFrom(HqlBaseParser.java:1171)
	at org.hibernate.hql.internal.antlr.HqlBaseParser.queryRule(HqlBaseParser.java:825)
	at org.hibernate.hql.internal.antlr.HqlBaseParser.selectStatement(HqlBaseParser.java:336)
	at org.hibernate.hql.internal.antlr.HqlBaseParser.statement(HqlBaseParser.java:200)
	at org.hibernate.hql.internal.ast.QueryTranslatorImpl.parse(QueryTranslatorImpl.java:294)
	at org.hibernate.hql.internal.ast.QueryTranslatorImpl.doCompile(QueryTranslatorImpl.java:189)
	at org.hibernate.hql.internal.ast.QueryTranslatorImpl.compile(QueryTranslatorImpl.java:144)
	at org.hibernate.engine.query.spi.HQLQueryPlan.<init>(HQLQueryPlan.java:112)
	at org.hibernate.engine.query.spi.HQLQueryPlan.<init>(HQLQueryPlan.java:73)
	at org.hibernate.engine.query.spi.QueryPlanCache.getHQLQueryPlan(QueryPlanCache.java:162)
	at org.hibernate.internal.AbstractSharedSessionContract.getQueryPlan(AbstractSharedSessionContract.java:636)
	at org.hibernate.internal.AbstractSharedSessionContract.createQuery(AbstractSharedSessionContract.java:748)
	at org.hibernate.internal.AbstractSharedSessionContract.createQuery(AbstractSharedSessionContract.java:848)
	at org.hibernate.internal.AbstractSharedSessionContract.createQuery(AbstractSharedSessionContract.java:114)
	at dao.MemberDAOImpl.findByEmail(MemberDAOImpl.java:25)
	at service.LibraryService.registerMember(LibraryService.java:112)
	at main.LibraryManagementApp.registerNewMember(LibraryManagementApp.java:315)
	at main.LibraryManagementApp.runInteractiveMenu(LibraryManagementApp.java:136)
	at main.LibraryManagementApp.main(LibraryManagementApp.java:36)
2025-09-17 11:28:08 ERROR MemberDAOImpl:33 - Error finding member by email: resmi@gmail.com
java.lang.IllegalArgumentException: org.hibernate.hql.internal.ast.QuerySyntaxException: unexpected token: Member near line 1, column 6 [FROM Member m WHERE m.email = :email]
	at org.hibernate.internal.ExceptionConverterImpl.convert(ExceptionConverterImpl.java:138)
	at org.hibernate.internal.ExceptionConverterImpl.convert(ExceptionConverterImpl.java:181)
	at org.hibernate.internal.ExceptionConverterImpl.convert(ExceptionConverterImpl.java:188)
	at org.hibernate.internal.AbstractSharedSessionContract.createQuery(AbstractSharedSessionContract.java:757)
	at org.hibernate.internal.AbstractSharedSessionContract.createQuery(AbstractSharedSessionContract.java:848)
	at org.hibernate.internal.AbstractSharedSessionContract.createQuery(AbstractSharedSessionContract.java:114)
	at dao.MemberDAOImpl.findByEmail(MemberDAOImpl.java:25)
	at service.LibraryService.registerMember(LibraryService.java:112)
	at main.LibraryManagementApp.registerNewMember(LibraryManagementApp.java:315)
	at main.LibraryManagementApp.runInteractiveMenu(LibraryManagementApp.java:136)
	at main.LibraryManagementApp.main(LibraryManagementApp.java:36)
Caused by: org.hibernate.hql.internal.ast.QuerySyntaxException: unexpected token: Member near line 1, column 6 [FROM Member m WHERE m.email = :email]
	at org.hibernate.hql.internal.ast.QuerySyntaxException.convert(QuerySyntaxException.java:74)
	at org.hibernate.hql.internal.ast.ErrorTracker.throwQueryException(ErrorTracker.java:93)
	at org.hibernate.hql.internal.ast.QueryTranslatorImpl.parse(QueryTranslatorImpl.java:301)
	at org.hibernate.hql.internal.ast.QueryTranslatorImpl.doCompile(QueryTranslatorImpl.java:189)
	at org.hibernate.hql.internal.ast.QueryTranslatorImpl.compile(QueryTranslatorImpl.java:144)
	at org.hibernate.engine.query.spi.HQLQueryPlan.<init>(HQLQueryPlan.java:112)
	at org.hibernate.engine.query.spi.HQLQueryPlan.<init>(HQLQueryPlan.java:73)
	at org.hibernate.engine.query.spi.QueryPlanCache.getHQLQueryPlan(QueryPlanCache.java:162)
	at org.hibernate.internal.AbstractSharedSessionContract.getQueryPlan(AbstractSharedSessionContract.java:636)
	at org.hibernate.internal.AbstractSharedSessionContract.createQuery(AbstractSharedSessionContract.java:748)
	... 7 more
2025-09-17 11:28:08 ERROR LibraryService:124 - Error registering member: Resmi T R
java.lang.RuntimeException: Failed to find member by email
	at dao.MemberDAOImpl.findByEmail(MemberDAOImpl.java:34)
	at service.LibraryService.registerMember(LibraryService.java:112)
	at main.LibraryManagementApp.registerNewMember(LibraryManagementApp.java:315)
	at main.LibraryManagementApp.runInteractiveMenu(LibraryManagementApp.java:136)
	at main.LibraryManagementApp.main(LibraryManagementApp.java:36)
Caused by: java.lang.IllegalArgumentException: org.hibernate.hql.internal.ast.QuerySyntaxException: unexpected token: Member near line 1, column 6 [FROM Member m WHERE m.email = :email]
	at org.hibernate.internal.ExceptionConverterImpl.convert(ExceptionConverterImpl.java:138)
	at org.hibernate.internal.ExceptionConverterImpl.convert(ExceptionConverterImpl.java:181)
	at org.hibernate.internal.ExceptionConverterImpl.convert(ExceptionConverterImpl.java:188)
	at org.hibernate.internal.AbstractSharedSessionContract.createQuery(AbstractSharedSessionContract.java:757)
	at org.hibernate.internal.AbstractSharedSessionContract.createQuery(AbstractSharedSessionContract.java:848)
	at org.hibernate.internal.AbstractSharedSessionContract.createQuery(AbstractSharedSessionContract.java:114)
	at dao.MemberDAOImpl.findByEmail(MemberDAOImpl.java:25)
	... 4 more
Caused by: org.hibernate.hql.internal.ast.QuerySyntaxException: unexpected token: Member near line 1, column 6 [FROM Member m WHERE m.email = :email]
	at org.hibernate.hql.internal.ast.QuerySyntaxException.convert(QuerySyntaxException.java:74)
	at org.hibernate.hql.internal.ast.ErrorTracker.throwQueryException(ErrorTracker.java:93)
	at org.hibernate.hql.internal.ast.QueryTranslatorImpl.parse(QueryTranslatorImpl.java:301)
	at org.hibernate.hql.internal.ast.QueryTranslatorImpl.doCompile(QueryTranslatorImpl.java:189)
	at org.hibernate.hql.internal.ast.QueryTranslatorImpl.compile(QueryTranslatorImpl.java:144)
	at org.hibernate.engine.query.spi.HQLQueryPlan.<init>(HQLQueryPlan.java:112)
	at org.hibernate.engine.query.spi.HQLQueryPlan.<init>(HQLQueryPlan.java:73)
	at org.hibernate.engine.query.spi.QueryPlanCache.getHQLQueryPlan(QueryPlanCache.java:162)
	at org.hibernate.internal.AbstractSharedSessionContract.getQueryPlan(AbstractSharedSessionContract.java:636)
	at org.hibernate.internal.AbstractSharedSessionContract.createQuery(AbstractSharedSessionContract.java:748)
	... 7 more
2025-09-17 11:28:08 ERROR LibraryManagementApp:325 - Error in registerNewMember
java.lang.RuntimeException: Failed to register member
	at service.LibraryService.registerMember(LibraryService.java:125)
	at main.LibraryManagementApp.registerNewMember(LibraryManagementApp.java:315)
	at main.LibraryManagementApp.runInteractiveMenu(LibraryManagementApp.java:136)
	at main.LibraryManagementApp.main(LibraryManagementApp.java:36)
Caused by: java.lang.RuntimeException: Failed to find member by email
	at dao.MemberDAOImpl.findByEmail(MemberDAOImpl.java:34)
	at service.LibraryService.registerMember(LibraryService.java:112)
	... 3 more
Caused by: java.lang.IllegalArgumentException: org.hibernate.hql.internal.ast.QuerySyntaxException: unexpected token: Member near line 1, column 6 [FROM Member m WHERE m.email = :email]
	at org.hibernate.internal.ExceptionConverterImpl.convert(ExceptionConverterImpl.java:138)
	at org.hibernate.internal.ExceptionConverterImpl.convert(ExceptionConverterImpl.java:181)
	at org.hibernate.internal.ExceptionConverterImpl.convert(ExceptionConverterImpl.java:188)
	at org.hibernate.internal.AbstractSharedSessionContract.createQuery(AbstractSharedSessionContract.java:757)
	at org.hibernate.internal.AbstractSharedSessionContract.createQuery(AbstractSharedSessionContract.java:848)
	at org.hibernate.internal.AbstractSharedSessionContract.createQuery(AbstractSharedSessionContract.java:114)
	at dao.MemberDAOImpl.findByEmail(MemberDAOImpl.java:25)
	... 4 more
Caused by: org.hibernate.hql.internal.ast.QuerySyntaxException: unexpected token: Member near line 1, column 6 [FROM Member m WHERE m.email = :email]
	at org.hibernate.hql.internal.ast.QuerySyntaxException.convert(QuerySyntaxException.java:74)
	at org.hibernate.hql.internal.ast.ErrorTracker.throwQueryException(ErrorTracker.java:93)
	at org.hibernate.hql.internal.ast.QueryTranslatorImpl.parse(QueryTranslatorImpl.java:301)
	at org.hibernate.hql.internal.ast.QueryTranslatorImpl.doCompile(QueryTranslatorImpl.java:189)
	at org.hibernate.hql.internal.ast.QueryTranslatorImpl.compile(QueryTranslatorImpl.java:144)
	at org.hibernate.engine.query.spi.HQLQueryPlan.<init>(HQLQueryPlan.java:112)
	at org.hibernate.engine.query.spi.HQLQueryPlan.<init>(HQLQueryPlan.java:73)
	at org.hibernate.engine.query.spi.QueryPlanCache.getHQLQueryPlan(QueryPlanCache.java:162)
	at org.hibernate.internal.AbstractSharedSessionContract.getQueryPlan(AbstractSharedSessionContract.java:636)
	at org.hibernate.internal.AbstractSharedSessionContract.createQuery(AbstractSharedSessionContract.java:748)
	... 7 more
2025-09-17 11:35:45 INFO  LibraryManagementApp:29 - Starting Library Management System...
2025-09-17 11:35:45 INFO  LibraryManagementApp:48 - Initializing sample data...
2025-09-17 11:35:46 INFO  Version:44 - HHH000412: Hibernate ORM core version 5.6.15.Final
2025-09-17 11:35:46 INFO  Version:56 - HCANN000001: Hibernate Commons Annotations {5.1.2.Final}
2025-09-17 11:35:46 WARN  pooling:75 - HHH10001002: Using Hibernate built-in connection pool (not for production use!)
2025-09-17 11:35:46 INFO  pooling:119 - HHH10001005: using driver [com.mysql.cj.jdbc.Driver] at URL [jdbc:mysql://localhost:3306/library_db?useSSL=false&serverTimezone=UTC]
2025-09-17 11:35:46 INFO  pooling:128 - HHH10001001: Connection properties: {password=****, user=root}
2025-09-17 11:35:46 INFO  pooling:132 - HHH10001003: Autocommit mode: false
2025-09-17 11:35:46 INFO  DriverManagerConnectionProviderImpl:322 - HHH000115: Hibernate connection pool size: 10 (min=1)
2025-09-17 11:35:46 INFO  Dialect:175 - HHH000400: Using dialect: org.hibernate.dialect.MySQL8Dialect
2025-09-17 11:35:46 INFO  access:48 - HHH10001501: Connection obtained from JdbcConnectionAccess [org.hibernate.engine.jdbc.env.internal.JdbcEnvironmentInitiator$ConnectionProviderJdbcConnectionAccess@51e0301d] for (non-JTA) DDL execution was not in auto-commit mode; the Connection 'local transaction' will be committed and the Connection will be set into auto-commit mode.
2025-09-17 11:35:46 INFO  HibernateUtil:26 - Hibernate SessionFactory created successfully
2025-09-17 11:35:46 ERROR CategoryDAOImpl:31 - Error finding category by name: Fiction
java.lang.IllegalArgumentException: org.hibernate.hql.internal.ast.QuerySyntaxException: Category is not mapped [FROM Category c WHERE LOWER(c.name) = LOWER(:name)]
	at org.hibernate.internal.ExceptionConverterImpl.convert(ExceptionConverterImpl.java:138)
	at org.hibernate.internal.ExceptionConverterImpl.convert(ExceptionConverterImpl.java:181)
	at org.hibernate.internal.ExceptionConverterImpl.convert(ExceptionConverterImpl.java:188)
	at org.hibernate.internal.AbstractSharedSessionContract.createQuery(AbstractSharedSessionContract.java:757)
	at org.hibernate.internal.AbstractSharedSessionContract.createQuery(AbstractSharedSessionContract.java:848)
	at org.hibernate.internal.AbstractSharedSessionContract.createQuery(AbstractSharedSessionContract.java:114)
	at dao.CategoryDAOImpl.findByName(CategoryDAOImpl.java:23)
	at service.LibraryService.addCategory(LibraryService.java:229)
	at main.LibraryManagementApp.initializeSampleData(LibraryManagementApp.java:52)
	at main.LibraryManagementApp.main(LibraryManagementApp.java:33)
Caused by: org.hibernate.hql.internal.ast.QuerySyntaxException: Category is not mapped [FROM Category c WHERE LOWER(c.name) = LOWER(:name)]
	at org.hibernate.hql.internal.ast.QuerySyntaxException.generateQueryException(QuerySyntaxException.java:79)
	at org.hibernate.QueryException.wrapWithQueryString(QueryException.java:103)
	at org.hibernate.hql.internal.ast.QueryTranslatorImpl.doCompile(QueryTranslatorImpl.java:220)
	at org.hibernate.hql.internal.ast.QueryTranslatorImpl.compile(QueryTranslatorImpl.java:144)
	at org.hibernate.engine.query.spi.HQLQueryPlan.<init>(HQLQueryPlan.java:112)
	at org.hibernate.engine.query.spi.HQLQueryPlan.<init>(HQLQueryPlan.java:73)
	at org.hibernate.engine.query.spi.QueryPlanCache.getHQLQueryPlan(QueryPlanCache.java:162)
	at org.hibernate.internal.AbstractSharedSessionContract.getQueryPlan(AbstractSharedSessionContract.java:636)
	at org.hibernate.internal.AbstractSharedSessionContract.createQuery(AbstractSharedSessionContract.java:748)
	... 6 more
Caused by: org.hibernate.hql.internal.ast.QuerySyntaxException: Category is not mapped
	at org.hibernate.hql.internal.ast.util.SessionFactoryHelper.requireClassPersister(SessionFactoryHelper.java:170)
	at org.hibernate.hql.internal.ast.tree.FromElementFactory.addFromElement(FromElementFactory.java:91)
	at org.hibernate.hql.internal.ast.tree.FromClause.addFromElement(FromClause.java:77)
	at org.hibernate.hql.internal.ast.HqlSqlWalker.createFromElement(HqlSqlWalker.java:334)
	at org.hibernate.hql.internal.antlr.HqlSqlBaseWalker.fromElement(HqlSqlBaseWalker.java:3782)
	at org.hibernate.hql.internal.antlr.HqlSqlBaseWalker.fromElementList(HqlSqlBaseWalker.java:3671)
	at org.hibernate.hql.internal.antlr.HqlSqlBaseWalker.fromClause(HqlSqlBaseWalker.java:746)
	at org.hibernate.hql.internal.antlr.HqlSqlBaseWalker.query(HqlSqlBaseWalker.java:602)
	at org.hibernate.hql.internal.antlr.HqlSqlBaseWalker.selectStatement(HqlSqlBaseWalker.java:339)
	at org.hibernate.hql.internal.antlr.HqlSqlBaseWalker.statement(HqlSqlBaseWalker.java:287)
	at org.hibernate.hql.internal.ast.QueryTranslatorImpl.analyze(QueryTranslatorImpl.java:276)
	at org.hibernate.hql.internal.ast.QueryTranslatorImpl.doCompile(QueryTranslatorImpl.java:192)
	... 12 more
2025-09-17 11:35:46 ERROR LibraryService:239 - Error adding category: Fiction
java.lang.RuntimeException: Failed to find category by name
	at dao.CategoryDAOImpl.findByName(CategoryDAOImpl.java:32)
	at service.LibraryService.addCategory(LibraryService.java:229)
	at main.LibraryManagementApp.initializeSampleData(LibraryManagementApp.java:52)
	at main.LibraryManagementApp.main(LibraryManagementApp.java:33)
Caused by: java.lang.IllegalArgumentException: org.hibernate.hql.internal.ast.QuerySyntaxException: Category is not mapped [FROM Category c WHERE LOWER(c.name) = LOWER(:name)]
	at org.hibernate.internal.ExceptionConverterImpl.convert(ExceptionConverterImpl.java:138)
	at org.hibernate.internal.ExceptionConverterImpl.convert(ExceptionConverterImpl.java:181)
	at org.hibernate.internal.ExceptionConverterImpl.convert(ExceptionConverterImpl.java:188)
	at org.hibernate.internal.AbstractSharedSessionContract.createQuery(AbstractSharedSessionContract.java:757)
	at org.hibernate.internal.AbstractSharedSessionContract.createQuery(AbstractSharedSessionContract.java:848)
	at org.hibernate.internal.AbstractSharedSessionContract.createQuery(AbstractSharedSessionContract.java:114)
	at dao.CategoryDAOImpl.findByName(CategoryDAOImpl.java:23)
	... 3 more
Caused by: org.hibernate.hql.internal.ast.QuerySyntaxException: Category is not mapped [FROM Category c WHERE LOWER(c.name) = LOWER(:name)]
	at org.hibernate.hql.internal.ast.QuerySyntaxException.generateQueryException(QuerySyntaxException.java:79)
	at org.hibernate.QueryException.wrapWithQueryString(QueryException.java:103)
	at org.hibernate.hql.internal.ast.QueryTranslatorImpl.doCompile(QueryTranslatorImpl.java:220)
	at org.hibernate.hql.internal.ast.QueryTranslatorImpl.compile(QueryTranslatorImpl.java:144)
	at org.hibernate.engine.query.spi.HQLQueryPlan.<init>(HQLQueryPlan.java:112)
	at org.hibernate.engine.query.spi.HQLQueryPlan.<init>(HQLQueryPlan.java:73)
	at org.hibernate.engine.query.spi.QueryPlanCache.getHQLQueryPlan(QueryPlanCache.java:162)
	at org.hibernate.internal.AbstractSharedSessionContract.getQueryPlan(AbstractSharedSessionContract.java:636)
	at org.hibernate.internal.AbstractSharedSessionContract.createQuery(AbstractSharedSessionContract.java:748)
	... 6 more
Caused by: org.hibernate.hql.internal.ast.QuerySyntaxException: Category is not mapped
	at org.hibernate.hql.internal.ast.util.SessionFactoryHelper.requireClassPersister(SessionFactoryHelper.java:170)
	at org.hibernate.hql.internal.ast.tree.FromElementFactory.addFromElement(FromElementFactory.java:91)
	at org.hibernate.hql.internal.ast.tree.FromClause.addFromElement(FromClause.java:77)
	at org.hibernate.hql.internal.ast.HqlSqlWalker.createFromElement(HqlSqlWalker.java:334)
	at org.hibernate.hql.internal.antlr.HqlSqlBaseWalker.fromElement(HqlSqlBaseWalker.java:3782)
	at org.hibernate.hql.internal.antlr.HqlSqlBaseWalker.fromElementList(HqlSqlBaseWalker.java:3671)
	at org.hibernate.hql.internal.antlr.HqlSqlBaseWalker.fromClause(HqlSqlBaseWalker.java:746)
	at org.hibernate.hql.internal.antlr.HqlSqlBaseWalker.query(HqlSqlBaseWalker.java:602)
	at org.hibernate.hql.internal.antlr.HqlSqlBaseWalker.selectStatement(HqlSqlBaseWalker.java:339)
	at org.hibernate.hql.internal.antlr.HqlSqlBaseWalker.statement(HqlSqlBaseWalker.java:287)
	at org.hibernate.hql.internal.ast.QueryTranslatorImpl.analyze(QueryTranslatorImpl.java:276)
	at org.hibernate.hql.internal.ast.QueryTranslatorImpl.doCompile(QueryTranslatorImpl.java:192)
	... 12 more
2025-09-17 11:35:46 ERROR LibraryManagementApp:109 - Error initializing sample data
java.lang.RuntimeException: Failed to add category
	at service.LibraryService.addCategory(LibraryService.java:240)
	at main.LibraryManagementApp.initializeSampleData(LibraryManagementApp.java:52)
	at main.LibraryManagementApp.main(LibraryManagementApp.java:33)
Caused by: java.lang.RuntimeException: Failed to find category by name
	at dao.CategoryDAOImpl.findByName(CategoryDAOImpl.java:32)
	at service.LibraryService.addCategory(LibraryService.java:229)
	... 2 more
Caused by: java.lang.IllegalArgumentException: org.hibernate.hql.internal.ast.QuerySyntaxException: Category is not mapped [FROM Category c WHERE LOWER(c.name) = LOWER(:name)]
	at org.hibernate.internal.ExceptionConverterImpl.convert(ExceptionConverterImpl.java:138)
	at org.hibernate.internal.ExceptionConverterImpl.convert(ExceptionConverterImpl.java:181)
	at org.hibernate.internal.ExceptionConverterImpl.convert(ExceptionConverterImpl.java:188)
	at org.hibernate.internal.AbstractSharedSessionContract.createQuery(AbstractSharedSessionContract.java:757)
	at org.hibernate.internal.AbstractSharedSessionContract.createQuery(AbstractSharedSessionContract.java:848)
	at org.hibernate.internal.AbstractSharedSessionContract.createQuery(AbstractSharedSessionContract.java:114)
	at dao.CategoryDAOImpl.findByName(CategoryDAOImpl.java:23)
	... 3 more
Caused by: org.hibernate.hql.internal.ast.QuerySyntaxException: Category is not mapped [FROM Category c WHERE LOWER(c.name) = LOWER(:name)]
	at org.hibernate.hql.internal.ast.QuerySyntaxException.generateQueryException(QuerySyntaxException.java:79)
	at org.hibernate.QueryException.wrapWithQueryString(QueryException.java:103)
	at org.hibernate.hql.internal.ast.QueryTranslatorImpl.doCompile(QueryTranslatorImpl.java:220)
	at org.hibernate.hql.internal.ast.QueryTranslatorImpl.compile(QueryTranslatorImpl.java:144)
	at org.hibernate.engine.query.spi.HQLQueryPlan.<init>(HQLQueryPlan.java:112)
	at org.hibernate.engine.query.spi.HQLQueryPlan.<init>(HQLQueryPlan.java:73)
	at org.hibernate.engine.query.spi.QueryPlanCache.getHQLQueryPlan(QueryPlanCache.java:162)
	at org.hibernate.internal.AbstractSharedSessionContract.getQueryPlan(AbstractSharedSessionContract.java:636)
	at org.hibernate.internal.AbstractSharedSessionContract.createQuery(AbstractSharedSessionContract.java:748)
	... 6 more
Caused by: org.hibernate.hql.internal.ast.QuerySyntaxException: Category is not mapped
	at org.hibernate.hql.internal.ast.util.SessionFactoryHelper.requireClassPersister(SessionFactoryHelper.java:170)
	at org.hibernate.hql.internal.ast.tree.FromElementFactory.addFromElement(FromElementFactory.java:91)
	at org.hibernate.hql.internal.ast.tree.FromClause.addFromElement(FromClause.java:77)
	at org.hibernate.hql.internal.ast.HqlSqlWalker.createFromElement(HqlSqlWalker.java:334)
	at org.hibernate.hql.internal.antlr.HqlSqlBaseWalker.fromElement(HqlSqlBaseWalker.java:3782)
	at org.hibernate.hql.internal.antlr.HqlSqlBaseWalker.fromElementList(HqlSqlBaseWalker.java:3671)
	at org.hibernate.hql.internal.antlr.HqlSqlBaseWalker.fromClause(HqlSqlBaseWalker.java:746)
	at org.hibernate.hql.internal.antlr.HqlSqlBaseWalker.query(HqlSqlBaseWalker.java:602)
	at org.hibernate.hql.internal.antlr.HqlSqlBaseWalker.selectStatement(HqlSqlBaseWalker.java:339)
	at org.hibernate.hql.internal.antlr.HqlSqlBaseWalker.statement(HqlSqlBaseWalker.java:287)
	at org.hibernate.hql.internal.ast.QueryTranslatorImpl.analyze(QueryTranslatorImpl.java:276)
	at org.hibernate.hql.internal.ast.QueryTranslatorImpl.doCompile(QueryTranslatorImpl.java:192)
	... 12 more
2025-09-17 11:36:40 ERROR MemberDAOImpl:26 - Error finding member by email: reami@gmail.com
java.lang.IllegalArgumentException: org.hibernate.hql.internal.ast.QuerySyntaxException: MemberEntity is not mapped [FROM MemberEntity m WHERE m.email = :email]
	at org.hibernate.internal.ExceptionConverterImpl.convert(ExceptionConverterImpl.java:138)
	at org.hibernate.internal.ExceptionConverterImpl.convert(ExceptionConverterImpl.java:181)
	at org.hibernate.internal.ExceptionConverterImpl.convert(ExceptionConverterImpl.java:188)
	at org.hibernate.internal.AbstractSharedSessionContract.createQuery(AbstractSharedSessionContract.java:757)
	at org.hibernate.internal.AbstractSharedSessionContract.createQuery(AbstractSharedSessionContract.java:848)
	at org.hibernate.internal.AbstractSharedSessionContract.createQuery(AbstractSharedSessionContract.java:114)
	at dao.MemberDAOImpl.findByEmail(MemberDAOImpl.java:21)
	at service.LibraryService.registerMember(LibraryService.java:112)
	at main.LibraryManagementApp.registerNewMember(LibraryManagementApp.java:315)
	at main.LibraryManagementApp.runInteractiveMenu(LibraryManagementApp.java:136)
	at main.LibraryManagementApp.main(LibraryManagementApp.java:36)
Caused by: org.hibernate.hql.internal.ast.QuerySyntaxException: MemberEntity is not mapped [FROM MemberEntity m WHERE m.email = :email]
	at org.hibernate.hql.internal.ast.QuerySyntaxException.generateQueryException(QuerySyntaxException.java:79)
	at org.hibernate.QueryException.wrapWithQueryString(QueryException.java:103)
	at org.hibernate.hql.internal.ast.QueryTranslatorImpl.doCompile(QueryTranslatorImpl.java:220)
	at org.hibernate.hql.internal.ast.QueryTranslatorImpl.compile(QueryTranslatorImpl.java:144)
	at org.hibernate.engine.query.spi.HQLQueryPlan.<init>(HQLQueryPlan.java:112)
	at org.hibernate.engine.query.spi.HQLQueryPlan.<init>(HQLQueryPlan.java:73)
	at org.hibernate.engine.query.spi.QueryPlanCache.getHQLQueryPlan(QueryPlanCache.java:162)
	at org.hibernate.internal.AbstractSharedSessionContract.getQueryPlan(AbstractSharedSessionContract.java:636)
	at org.hibernate.internal.AbstractSharedSessionContract.createQuery(AbstractSharedSessionContract.java:748)
	... 7 more
Caused by: org.hibernate.hql.internal.ast.QuerySyntaxException: MemberEntity is not mapped
	at org.hibernate.hql.internal.ast.util.SessionFactoryHelper.requireClassPersister(SessionFactoryHelper.java:170)
	at org.hibernate.hql.internal.ast.tree.FromElementFactory.addFromElement(FromElementFactory.java:91)
	at org.hibernate.hql.internal.ast.tree.FromClause.addFromElement(FromClause.java:77)
	at org.hibernate.hql.internal.ast.HqlSqlWalker.createFromElement(HqlSqlWalker.java:334)
	at org.hibernate.hql.internal.antlr.HqlSqlBaseWalker.fromElement(HqlSqlBaseWalker.java:3782)
	at org.hibernate.hql.internal.antlr.HqlSqlBaseWalker.fromElementList(HqlSqlBaseWalker.java:3671)
	at org.hibernate.hql.internal.antlr.HqlSqlBaseWalker.fromClause(HqlSqlBaseWalker.java:746)
	at org.hibernate.hql.internal.antlr.HqlSqlBaseWalker.query(HqlSqlBaseWalker.java:602)
	at org.hibernate.hql.internal.antlr.HqlSqlBaseWalker.selectStatement(HqlSqlBaseWalker.java:339)
	at org.hibernate.hql.internal.antlr.HqlSqlBaseWalker.statement(HqlSqlBaseWalker.java:287)
	at org.hibernate.hql.internal.ast.QueryTranslatorImpl.analyze(QueryTranslatorImpl.java:276)
	at org.hibernate.hql.internal.ast.QueryTranslatorImpl.doCompile(QueryTranslatorImpl.java:192)
	... 13 more
2025-09-17 11:36:40 ERROR GenericDAOImpl:56 - Error saving entity: Member{memberId=null, firstName='Resmi T R', lastName='Rajesh', email='reami@gmail.com', membershipType=REGULAR}
org.hibernate.MappingException: Unknown entity: entity.Member
	at org.hibernate.metamodel.internal.MetamodelImpl.entityPersister(MetamodelImpl.java:715)
	at org.hibernate.internal.SessionImpl.getEntityPersister(SessionImpl.java:1653)
	at org.hibernate.event.internal.AbstractSaveEventListener.saveWithGeneratedId(AbstractSaveEventListener.java:113)
	at org.hibernate.event.internal.DefaultSaveOrUpdateEventListener.saveWithGeneratedOrRequestedId(DefaultSaveOrUpdateEventListener.java:194)
	at org.hibernate.event.internal.DefaultSaveEventListener.saveWithGeneratedOrRequestedId(DefaultSaveEventListener.java:38)
	at org.hibernate.event.internal.DefaultSaveOrUpdateEventListener.entityIsTransient(DefaultSaveOrUpdateEventListener.java:179)
	at org.hibernate.event.internal.DefaultSaveEventListener.performSaveOrUpdate(DefaultSaveEventListener.java:32)
	at org.hibernate.event.internal.DefaultSaveOrUpdateEventListener.onSaveOrUpdate(DefaultSaveOrUpdateEventListener.java:75)
	at org.hibernate.event.service.internal.EventListenerGroupImpl.fireEventOnEachListener(EventListenerGroupImpl.java:107)
	at org.hibernate.internal.SessionImpl.fireSave(SessionImpl.java:672)
	at org.hibernate.internal.SessionImpl.save(SessionImpl.java:665)
	at org.hibernate.internal.SessionImpl.save(SessionImpl.java:660)
	at dao.GenericDAOImpl.save(GenericDAOImpl.java:46)
	at service.LibraryService.registerMember(LibraryService.java:119)
	at main.LibraryManagementApp.registerNewMember(LibraryManagementApp.java:315)
	at main.LibraryManagementApp.runInteractiveMenu(LibraryManagementApp.java:136)
	at main.LibraryManagementApp.main(LibraryManagementApp.java:36)
2025-09-17 11:36:40 ERROR LibraryService:124 - Error registering member: Resmi T R Rajesh
java.lang.RuntimeException: Failed to save entity
	at dao.GenericDAOImpl.save(GenericDAOImpl.java:57)
	at service.LibraryService.registerMember(LibraryService.java:119)
	at main.LibraryManagementApp.registerNewMember(LibraryManagementApp.java:315)
	at main.LibraryManagementApp.runInteractiveMenu(LibraryManagementApp.java:136)
	at main.LibraryManagementApp.main(LibraryManagementApp.java:36)
Caused by: org.hibernate.MappingException: Unknown entity: entity.Member
	at org.hibernate.metamodel.internal.MetamodelImpl.entityPersister(MetamodelImpl.java:715)
	at org.hibernate.internal.SessionImpl.getEntityPersister(SessionImpl.java:1653)
	at org.hibernate.event.internal.AbstractSaveEventListener.saveWithGeneratedId(AbstractSaveEventListener.java:113)
	at org.hibernate.event.internal.DefaultSaveOrUpdateEventListener.saveWithGeneratedOrRequestedId(DefaultSaveOrUpdateEventListener.java:194)
	at org.hibernate.event.internal.DefaultSaveEventListener.saveWithGeneratedOrRequestedId(DefaultSaveEventListener.java:38)
	at org.hibernate.event.internal.DefaultSaveOrUpdateEventListener.entityIsTransient(DefaultSaveOrUpdateEventListener.java:179)
	at org.hibernate.event.internal.DefaultSaveEventListener.performSaveOrUpdate(DefaultSaveEventListener.java:32)
	at org.hibernate.event.internal.DefaultSaveOrUpdateEventListener.onSaveOrUpdate(DefaultSaveOrUpdateEventListener.java:75)
	at org.hibernate.event.service.internal.EventListenerGroupImpl.fireEventOnEachListener(EventListenerGroupImpl.java:107)
	at org.hibernate.internal.SessionImpl.fireSave(SessionImpl.java:672)
	at org.hibernate.internal.SessionImpl.save(SessionImpl.java:665)
	at org.hibernate.internal.SessionImpl.save(SessionImpl.java:660)
	at dao.GenericDAOImpl.save(GenericDAOImpl.java:46)
	... 4 more
2025-09-17 11:36:40 ERROR LibraryManagementApp:325 - Error in registerNewMember
java.lang.RuntimeException: Failed to register member
	at service.LibraryService.registerMember(LibraryService.java:125)
	at main.LibraryManagementApp.registerNewMember(LibraryManagementApp.java:315)
	at main.LibraryManagementApp.runInteractiveMenu(LibraryManagementApp.java:136)
	at main.LibraryManagementApp.main(LibraryManagementApp.java:36)
Caused by: java.lang.RuntimeException: Failed to save entity
	at dao.GenericDAOImpl.save(GenericDAOImpl.java:57)
	at service.LibraryService.registerMember(LibraryService.java:119)
	... 3 more
Caused by: org.hibernate.MappingException: Unknown entity: entity.Member
	at org.hibernate.metamodel.internal.MetamodelImpl.entityPersister(MetamodelImpl.java:715)
	at org.hibernate.internal.SessionImpl.getEntityPersister(SessionImpl.java:1653)
	at org.hibernate.event.internal.AbstractSaveEventListener.saveWithGeneratedId(AbstractSaveEventListener.java:113)
	at org.hibernate.event.internal.DefaultSaveOrUpdateEventListener.saveWithGeneratedOrRequestedId(DefaultSaveOrUpdateEventListener.java:194)
	at org.hibernate.event.internal.DefaultSaveEventListener.saveWithGeneratedOrRequestedId(DefaultSaveEventListener.java:38)
	at org.hibernate.event.internal.DefaultSaveOrUpdateEventListener.entityIsTransient(DefaultSaveOrUpdateEventListener.java:179)
	at org.hibernate.event.internal.DefaultSaveEventListener.performSaveOrUpdate(DefaultSaveEventListener.java:32)
	at org.hibernate.event.internal.DefaultSaveOrUpdateEventListener.onSaveOrUpdate(DefaultSaveOrUpdateEventListener.java:75)
	at org.hibernate.event.service.internal.EventListenerGroupImpl.fireEventOnEachListener(EventListenerGroupImpl.java:107)
	at org.hibernate.internal.SessionImpl.fireSave(SessionImpl.java:672)
	at org.hibernate.internal.SessionImpl.save(SessionImpl.java:665)
	at org.hibernate.internal.SessionImpl.save(SessionImpl.java:660)
	at dao.GenericDAOImpl.save(GenericDAOImpl.java:46)
	... 4 more
2025-09-17 11:41:50 INFO  LibraryManagementApp:29 - Starting Library Management System...
2025-09-17 11:41:50 INFO  LibraryManagementApp:48 - Initializing sample data...
2025-09-17 11:41:50 INFO  Version:44 - HHH000412: Hibernate ORM core version 5.6.15.Final
2025-09-17 11:41:50 INFO  Version:56 - HCANN000001: Hibernate Commons Annotations {5.1.2.Final}
2025-09-17 11:41:50 WARN  pooling:75 - HHH10001002: Using Hibernate built-in connection pool (not for production use!)
2025-09-17 11:41:50 INFO  pooling:119 - HHH10001005: using driver [com.mysql.cj.jdbc.Driver] at URL [jdbc:mysql://localhost:3306/library_db?useSSL=false&serverTimezone=UTC]
2025-09-17 11:41:50 INFO  pooling:128 - HHH10001001: Connection properties: {password=****, user=root}
2025-09-17 11:41:50 INFO  pooling:132 - HHH10001003: Autocommit mode: false
2025-09-17 11:41:50 INFO  DriverManagerConnectionProviderImpl:322 - HHH000115: Hibernate connection pool size: 10 (min=1)
2025-09-17 11:41:50 INFO  Dialect:175 - HHH000400: Using dialect: org.hibernate.dialect.MySQL8Dialect
2025-09-17 11:41:50 INFO  access:48 - HHH10001501: Connection obtained from JdbcConnectionAccess [org.hibernate.engine.jdbc.env.internal.JdbcEnvironmentInitiator$ConnectionProviderJdbcConnectionAccess@51e0301d] for (non-JTA) DDL execution was not in auto-commit mode; the Connection 'local transaction' will be committed and the Connection will be set into auto-commit mode.
2025-09-17 11:41:50 INFO  HibernateUtil:26 - Hibernate SessionFactory created successfully
2025-09-17 11:41:50 ERROR CategoryDAOImpl:31 - Error finding category by name: Fiction
java.lang.IllegalArgumentException: org.hibernate.hql.internal.ast.QuerySyntaxException: Category is not mapped [FROM Category c WHERE LOWER(c.name) = LOWER(:name)]
	at org.hibernate.internal.ExceptionConverterImpl.convert(ExceptionConverterImpl.java:138)
	at org.hibernate.internal.ExceptionConverterImpl.convert(ExceptionConverterImpl.java:181)
	at org.hibernate.internal.ExceptionConverterImpl.convert(ExceptionConverterImpl.java:188)
	at org.hibernate.internal.AbstractSharedSessionContract.createQuery(AbstractSharedSessionContract.java:757)
	at org.hibernate.internal.AbstractSharedSessionContract.createQuery(AbstractSharedSessionContract.java:848)
	at org.hibernate.internal.AbstractSharedSessionContract.createQuery(AbstractSharedSessionContract.java:114)
	at dao.CategoryDAOImpl.findByName(CategoryDAOImpl.java:23)
	at service.LibraryService.addCategory(LibraryService.java:229)
	at main.LibraryManagementApp.initializeSampleData(LibraryManagementApp.java:52)
	at main.LibraryManagementApp.main(LibraryManagementApp.java:33)
Caused by: org.hibernate.hql.internal.ast.QuerySyntaxException: Category is not mapped [FROM Category c WHERE LOWER(c.name) = LOWER(:name)]
	at org.hibernate.hql.internal.ast.QuerySyntaxException.generateQueryException(QuerySyntaxException.java:79)
	at org.hibernate.QueryException.wrapWithQueryString(QueryException.java:103)
	at org.hibernate.hql.internal.ast.QueryTranslatorImpl.doCompile(QueryTranslatorImpl.java:220)
	at org.hibernate.hql.internal.ast.QueryTranslatorImpl.compile(QueryTranslatorImpl.java:144)
	at org.hibernate.engine.query.spi.HQLQueryPlan.<init>(HQLQueryPlan.java:112)
	at org.hibernate.engine.query.spi.HQLQueryPlan.<init>(HQLQueryPlan.java:73)
	at org.hibernate.engine.query.spi.QueryPlanCache.getHQLQueryPlan(QueryPlanCache.java:162)
	at org.hibernate.internal.AbstractSharedSessionContract.getQueryPlan(AbstractSharedSessionContract.java:636)
	at org.hibernate.internal.AbstractSharedSessionContract.createQuery(AbstractSharedSessionContract.java:748)
	... 6 more
Caused by: org.hibernate.hql.internal.ast.QuerySyntaxException: Category is not mapped
	at org.hibernate.hql.internal.ast.util.SessionFactoryHelper.requireClassPersister(SessionFactoryHelper.java:170)
	at org.hibernate.hql.internal.ast.tree.FromElementFactory.addFromElement(FromElementFactory.java:91)
	at org.hibernate.hql.internal.ast.tree.FromClause.addFromElement(FromClause.java:77)
	at org.hibernate.hql.internal.ast.HqlSqlWalker.createFromElement(HqlSqlWalker.java:334)
	at org.hibernate.hql.internal.antlr.HqlSqlBaseWalker.fromElement(HqlSqlBaseWalker.java:3782)
	at org.hibernate.hql.internal.antlr.HqlSqlBaseWalker.fromElementList(HqlSqlBaseWalker.java:3671)
	at org.hibernate.hql.internal.antlr.HqlSqlBaseWalker.fromClause(HqlSqlBaseWalker.java:746)
	at org.hibernate.hql.internal.antlr.HqlSqlBaseWalker.query(HqlSqlBaseWalker.java:602)
	at org.hibernate.hql.internal.antlr.HqlSqlBaseWalker.selectStatement(HqlSqlBaseWalker.java:339)
	at org.hibernate.hql.internal.antlr.HqlSqlBaseWalker.statement(HqlSqlBaseWalker.java:287)
	at org.hibernate.hql.internal.ast.QueryTranslatorImpl.analyze(QueryTranslatorImpl.java:276)
	at org.hibernate.hql.internal.ast.QueryTranslatorImpl.doCompile(QueryTranslatorImpl.java:192)
	... 12 more
2025-09-17 11:41:50 ERROR LibraryService:239 - Error adding category: Fiction
java.lang.RuntimeException: Failed to find category by name
	at dao.CategoryDAOImpl.findByName(CategoryDAOImpl.java:32)
	at service.LibraryService.addCategory(LibraryService.java:229)
	at main.LibraryManagementApp.initializeSampleData(LibraryManagementApp.java:52)
	at main.LibraryManagementApp.main(LibraryManagementApp.java:33)
Caused by: java.lang.IllegalArgumentException: org.hibernate.hql.internal.ast.QuerySyntaxException: Category is not mapped [FROM Category c WHERE LOWER(c.name) = LOWER(:name)]
	at org.hibernate.internal.ExceptionConverterImpl.convert(ExceptionConverterImpl.java:138)
	at org.hibernate.internal.ExceptionConverterImpl.convert(ExceptionConverterImpl.java:181)
	at org.hibernate.internal.ExceptionConverterImpl.convert(ExceptionConverterImpl.java:188)
	at org.hibernate.internal.AbstractSharedSessionContract.createQuery(AbstractSharedSessionContract.java:757)
	at org.hibernate.internal.AbstractSharedSessionContract.createQuery(AbstractSharedSessionContract.java:848)
	at org.hibernate.internal.AbstractSharedSessionContract.createQuery(AbstractSharedSessionContract.java:114)
	at dao.CategoryDAOImpl.findByName(CategoryDAOImpl.java:23)
	... 3 more
Caused by: org.hibernate.hql.internal.ast.QuerySyntaxException: Category is not mapped [FROM Category c WHERE LOWER(c.name) = LOWER(:name)]
	at org.hibernate.hql.internal.ast.QuerySyntaxException.generateQueryException(QuerySyntaxException.java:79)
	at org.hibernate.QueryException.wrapWithQueryString(QueryException.java:103)
	at org.hibernate.hql.internal.ast.QueryTranslatorImpl.doCompile(QueryTranslatorImpl.java:220)
	at org.hibernate.hql.internal.ast.QueryTranslatorImpl.compile(QueryTranslatorImpl.java:144)
	at org.hibernate.engine.query.spi.HQLQueryPlan.<init>(HQLQueryPlan.java:112)
	at org.hibernate.engine.query.spi.HQLQueryPlan.<init>(HQLQueryPlan.java:73)
	at org.hibernate.engine.query.spi.QueryPlanCache.getHQLQueryPlan(QueryPlanCache.java:162)
	at org.hibernate.internal.AbstractSharedSessionContract.getQueryPlan(AbstractSharedSessionContract.java:636)
	at org.hibernate.internal.AbstractSharedSessionContract.createQuery(AbstractSharedSessionContract.java:748)
	... 6 more
Caused by: org.hibernate.hql.internal.ast.QuerySyntaxException: Category is not mapped
	at org.hibernate.hql.internal.ast.util.SessionFactoryHelper.requireClassPersister(SessionFactoryHelper.java:170)
	at org.hibernate.hql.internal.ast.tree.FromElementFactory.addFromElement(FromElementFactory.java:91)
	at org.hibernate.hql.internal.ast.tree.FromClause.addFromElement(FromClause.java:77)
	at org.hibernate.hql.internal.ast.HqlSqlWalker.createFromElement(HqlSqlWalker.java:334)
	at org.hibernate.hql.internal.antlr.HqlSqlBaseWalker.fromElement(HqlSqlBaseWalker.java:3782)
	at org.hibernate.hql.internal.antlr.HqlSqlBaseWalker.fromElementList(HqlSqlBaseWalker.java:3671)
	at org.hibernate.hql.internal.antlr.HqlSqlBaseWalker.fromClause(HqlSqlBaseWalker.java:746)
	at org.hibernate.hql.internal.antlr.HqlSqlBaseWalker.query(HqlSqlBaseWalker.java:602)
	at org.hibernate.hql.internal.antlr.HqlSqlBaseWalker.selectStatement(HqlSqlBaseWalker.java:339)
	at org.hibernate.hql.internal.antlr.HqlSqlBaseWalker.statement(HqlSqlBaseWalker.java:287)
	at org.hibernate.hql.internal.ast.QueryTranslatorImpl.analyze(QueryTranslatorImpl.java:276)
	at org.hibernate.hql.internal.ast.QueryTranslatorImpl.doCompile(QueryTranslatorImpl.java:192)
	... 12 more
2025-09-17 11:41:50 ERROR LibraryManagementApp:109 - Error initializing sample data
java.lang.RuntimeException: Failed to add category
	at service.LibraryService.addCategory(LibraryService.java:240)
	at main.LibraryManagementApp.initializeSampleData(LibraryManagementApp.java:52)
	at main.LibraryManagementApp.main(LibraryManagementApp.java:33)
Caused by: java.lang.RuntimeException: Failed to find category by name
	at dao.CategoryDAOImpl.findByName(CategoryDAOImpl.java:32)
	at service.LibraryService.addCategory(LibraryService.java:229)
	... 2 more
Caused by: java.lang.IllegalArgumentException: org.hibernate.hql.internal.ast.QuerySyntaxException: Category is not mapped [FROM Category c WHERE LOWER(c.name) = LOWER(:name)]
	at org.hibernate.internal.ExceptionConverterImpl.convert(ExceptionConverterImpl.java:138)
	at org.hibernate.internal.ExceptionConverterImpl.convert(ExceptionConverterImpl.java:181)
	at org.hibernate.internal.ExceptionConverterImpl.convert(ExceptionConverterImpl.java:188)
	at org.hibernate.internal.AbstractSharedSessionContract.createQuery(AbstractSharedSessionContract.java:757)
	at org.hibernate.internal.AbstractSharedSessionContract.createQuery(AbstractSharedSessionContract.java:848)
	at org.hibernate.internal.AbstractSharedSessionContract.createQuery(AbstractSharedSessionContract.java:114)
	at dao.CategoryDAOImpl.findByName(CategoryDAOImpl.java:23)
	... 3 more
Caused by: org.hibernate.hql.internal.ast.QuerySyntaxException: Category is not mapped [FROM Category c WHERE LOWER(c.name) = LOWER(:name)]
	at org.hibernate.hql.internal.ast.QuerySyntaxException.generateQueryException(QuerySyntaxException.java:79)
	at org.hibernate.QueryException.wrapWithQueryString(QueryException.java:103)
	at org.hibernate.hql.internal.ast.QueryTranslatorImpl.doCompile(QueryTranslatorImpl.java:220)
	at org.hibernate.hql.internal.ast.QueryTranslatorImpl.compile(QueryTranslatorImpl.java:144)
	at org.hibernate.engine.query.spi.HQLQueryPlan.<init>(HQLQueryPlan.java:112)
	at org.hibernate.engine.query.spi.HQLQueryPlan.<init>(HQLQueryPlan.java:73)
	at org.hibernate.engine.query.spi.QueryPlanCache.getHQLQueryPlan(QueryPlanCache.java:162)
	at org.hibernate.internal.AbstractSharedSessionContract.getQueryPlan(AbstractSharedSessionContract.java:636)
	at org.hibernate.internal.AbstractSharedSessionContract.createQuery(AbstractSharedSessionContract.java:748)
	... 6 more
Caused by: org.hibernate.hql.internal.ast.QuerySyntaxException: Category is not mapped
	at org.hibernate.hql.internal.ast.util.SessionFactoryHelper.requireClassPersister(SessionFactoryHelper.java:170)
	at org.hibernate.hql.internal.ast.tree.FromElementFactory.addFromElement(FromElementFactory.java:91)
	at org.hibernate.hql.internal.ast.tree.FromClause.addFromElement(FromClause.java:77)
	at org.hibernate.hql.internal.ast.HqlSqlWalker.createFromElement(HqlSqlWalker.java:334)
	at org.hibernate.hql.internal.antlr.HqlSqlBaseWalker.fromElement(HqlSqlBaseWalker.java:3782)
	at org.hibernate.hql.internal.antlr.HqlSqlBaseWalker.fromElementList(HqlSqlBaseWalker.java:3671)
	at org.hibernate.hql.internal.antlr.HqlSqlBaseWalker.fromClause(HqlSqlBaseWalker.java:746)
	at org.hibernate.hql.internal.antlr.HqlSqlBaseWalker.query(HqlSqlBaseWalker.java:602)
	at org.hibernate.hql.internal.antlr.HqlSqlBaseWalker.selectStatement(HqlSqlBaseWalker.java:339)
	at org.hibernate.hql.internal.antlr.HqlSqlBaseWalker.statement(HqlSqlBaseWalker.java:287)
	at org.hibernate.hql.internal.ast.QueryTranslatorImpl.analyze(QueryTranslatorImpl.java:276)
	at org.hibernate.hql.internal.ast.QueryTranslatorImpl.doCompile(QueryTranslatorImpl.java:192)
	... 12 more
2025-09-17 11:42:30 ERROR ErrorTracker:62 - line 1:6: unexpected token: Member
2025-09-17 11:42:30 ERROR ErrorTracker:57 - line 1:6: unexpected token: Member
line 1:6: unexpected token: Member
	at org.hibernate.hql.internal.antlr.HqlBaseParser.fromRange(HqlBaseParser.java:1674)
	at org.hibernate.hql.internal.antlr.HqlBaseParser.fromClause(HqlBaseParser.java:1473)
	at org.hibernate.hql.internal.antlr.HqlBaseParser.selectFrom(HqlBaseParser.java:1171)
	at org.hibernate.hql.internal.antlr.HqlBaseParser.queryRule(HqlBaseParser.java:825)
	at org.hibernate.hql.internal.antlr.HqlBaseParser.selectStatement(HqlBaseParser.java:336)
	at org.hibernate.hql.internal.antlr.HqlBaseParser.statement(HqlBaseParser.java:200)
	at org.hibernate.hql.internal.ast.QueryTranslatorImpl.parse(QueryTranslatorImpl.java:294)
	at org.hibernate.hql.internal.ast.QueryTranslatorImpl.doCompile(QueryTranslatorImpl.java:189)
	at org.hibernate.hql.internal.ast.QueryTranslatorImpl.compile(QueryTranslatorImpl.java:144)
	at org.hibernate.engine.query.spi.HQLQueryPlan.<init>(HQLQueryPlan.java:112)
	at org.hibernate.engine.query.spi.HQLQueryPlan.<init>(HQLQueryPlan.java:73)
	at org.hibernate.engine.query.spi.QueryPlanCache.getHQLQueryPlan(QueryPlanCache.java:162)
	at org.hibernate.internal.AbstractSharedSessionContract.getQueryPlan(AbstractSharedSessionContract.java:636)
	at org.hibernate.internal.AbstractSharedSessionContract.createQuery(AbstractSharedSessionContract.java:748)
	at org.hibernate.internal.AbstractSharedSessionContract.createQuery(AbstractSharedSessionContract.java:848)
	at org.hibernate.internal.AbstractSharedSessionContract.createQuery(AbstractSharedSessionContract.java:114)
	at dao.MemberDAOImpl.findByEmail(MemberDAOImpl.java:21)
	at service.LibraryService.registerMember(LibraryService.java:112)
	at main.LibraryManagementApp.registerNewMember(LibraryManagementApp.java:315)
	at main.LibraryManagementApp.runInteractiveMenu(LibraryManagementApp.java:136)
	at main.LibraryManagementApp.main(LibraryManagementApp.java:36)
2025-09-17 11:42:30 ERROR MemberDAOImpl:26 - Error finding member by email: re
java.lang.IllegalArgumentException: org.hibernate.hql.internal.ast.QuerySyntaxException: unexpected token: Member near line 1, column 6 [FROM Member m WHERE m.email = :email]
	at org.hibernate.internal.ExceptionConverterImpl.convert(ExceptionConverterImpl.java:138)
	at org.hibernate.internal.ExceptionConverterImpl.convert(ExceptionConverterImpl.java:181)
	at org.hibernate.internal.ExceptionConverterImpl.convert(ExceptionConverterImpl.java:188)
	at org.hibernate.internal.AbstractSharedSessionContract.createQuery(AbstractSharedSessionContract.java:757)
	at org.hibernate.internal.AbstractSharedSessionContract.createQuery(AbstractSharedSessionContract.java:848)
	at org.hibernate.internal.AbstractSharedSessionContract.createQuery(AbstractSharedSessionContract.java:114)
	at dao.MemberDAOImpl.findByEmail(MemberDAOImpl.java:21)
	at service.LibraryService.registerMember(LibraryService.java:112)
	at main.LibraryManagementApp.registerNewMember(LibraryManagementApp.java:315)
	at main.LibraryManagementApp.runInteractiveMenu(LibraryManagementApp.java:136)
	at main.LibraryManagementApp.main(LibraryManagementApp.java:36)
Caused by: org.hibernate.hql.internal.ast.QuerySyntaxException: unexpected token: Member near line 1, column 6 [FROM Member m WHERE m.email = :email]
	at org.hibernate.hql.internal.ast.QuerySyntaxException.convert(QuerySyntaxException.java:74)
	at org.hibernate.hql.internal.ast.ErrorTracker.throwQueryException(ErrorTracker.java:93)
	at org.hibernate.hql.internal.ast.QueryTranslatorImpl.parse(QueryTranslatorImpl.java:301)
	at org.hibernate.hql.internal.ast.QueryTranslatorImpl.doCompile(QueryTranslatorImpl.java:189)
	at org.hibernate.hql.internal.ast.QueryTranslatorImpl.compile(QueryTranslatorImpl.java:144)
	at org.hibernate.engine.query.spi.HQLQueryPlan.<init>(HQLQueryPlan.java:112)
	at org.hibernate.engine.query.spi.HQLQueryPlan.<init>(HQLQueryPlan.java:73)
	at org.hibernate.engine.query.spi.QueryPlanCache.getHQLQueryPlan(QueryPlanCache.java:162)
	at org.hibernate.internal.AbstractSharedSessionContract.getQueryPlan(AbstractSharedSessionContract.java:636)
	at org.hibernate.internal.AbstractSharedSessionContract.createQuery(AbstractSharedSessionContract.java:748)
	... 7 more
2025-09-17 11:42:30 ERROR GenericDAOImpl:56 - Error saving entity: Member{memberId=null, firstName='re', lastName='df', email='re', membershipType=REGULAR}
org.hibernate.MappingException: Unknown entity: entity.Member
	at org.hibernate.metamodel.internal.MetamodelImpl.entityPersister(MetamodelImpl.java:715)
	at org.hibernate.internal.SessionImpl.getEntityPersister(SessionImpl.java:1653)
	at org.hibernate.event.internal.AbstractSaveEventListener.saveWithGeneratedId(AbstractSaveEventListener.java:113)
	at org.hibernate.event.internal.DefaultSaveOrUpdateEventListener.saveWithGeneratedOrRequestedId(DefaultSaveOrUpdateEventListener.java:194)
	at org.hibernate.event.internal.DefaultSaveEventListener.saveWithGeneratedOrRequestedId(DefaultSaveEventListener.java:38)
	at org.hibernate.event.internal.DefaultSaveOrUpdateEventListener.entityIsTransient(DefaultSaveOrUpdateEventListener.java:179)
	at org.hibernate.event.internal.DefaultSaveEventListener.performSaveOrUpdate(DefaultSaveEventListener.java:32)
	at org.hibernate.event.internal.DefaultSaveOrUpdateEventListener.onSaveOrUpdate(DefaultSaveOrUpdateEventListener.java:75)
	at org.hibernate.event.service.internal.EventListenerGroupImpl.fireEventOnEachListener(EventListenerGroupImpl.java:107)
	at org.hibernate.internal.SessionImpl.fireSave(SessionImpl.java:672)
	at org.hibernate.internal.SessionImpl.save(SessionImpl.java:665)
	at org.hibernate.internal.SessionImpl.save(SessionImpl.java:660)
	at dao.GenericDAOImpl.save(GenericDAOImpl.java:46)
	at service.LibraryService.registerMember(LibraryService.java:119)
	at main.LibraryManagementApp.registerNewMember(LibraryManagementApp.java:315)
	at main.LibraryManagementApp.runInteractiveMenu(LibraryManagementApp.java:136)
	at main.LibraryManagementApp.main(LibraryManagementApp.java:36)
2025-09-17 11:42:30 ERROR LibraryService:124 - Error registering member: re df
java.lang.RuntimeException: Failed to save entity
	at dao.GenericDAOImpl.save(GenericDAOImpl.java:57)
	at service.LibraryService.registerMember(LibraryService.java:119)
	at main.LibraryManagementApp.registerNewMember(LibraryManagementApp.java:315)
	at main.LibraryManagementApp.runInteractiveMenu(LibraryManagementApp.java:136)
	at main.LibraryManagementApp.main(LibraryManagementApp.java:36)
Caused by: org.hibernate.MappingException: Unknown entity: entity.Member
	at org.hibernate.metamodel.internal.MetamodelImpl.entityPersister(MetamodelImpl.java:715)
	at org.hibernate.internal.SessionImpl.getEntityPersister(SessionImpl.java:1653)
	at org.hibernate.event.internal.AbstractSaveEventListener.saveWithGeneratedId(AbstractSaveEventListener.java:113)
	at org.hibernate.event.internal.DefaultSaveOrUpdateEventListener.saveWithGeneratedOrRequestedId(DefaultSaveOrUpdateEventListener.java:194)
	at org.hibernate.event.internal.DefaultSaveEventListener.saveWithGeneratedOrRequestedId(DefaultSaveEventListener.java:38)
	at org.hibernate.event.internal.DefaultSaveOrUpdateEventListener.entityIsTransient(DefaultSaveOrUpdateEventListener.java:179)
	at org.hibernate.event.internal.DefaultSaveEventListener.performSaveOrUpdate(DefaultSaveEventListener.java:32)
	at org.hibernate.event.internal.DefaultSaveOrUpdateEventListener.onSaveOrUpdate(DefaultSaveOrUpdateEventListener.java:75)
	at org.hibernate.event.service.internal.EventListenerGroupImpl.fireEventOnEachListener(EventListenerGroupImpl.java:107)
	at org.hibernate.internal.SessionImpl.fireSave(SessionImpl.java:672)
	at org.hibernate.internal.SessionImpl.save(SessionImpl.java:665)
	at org.hibernate.internal.SessionImpl.save(SessionImpl.java:660)
	at dao.GenericDAOImpl.save(GenericDAOImpl.java:46)
	... 4 more
2025-09-17 11:42:30 ERROR LibraryManagementApp:325 - Error in registerNewMember
java.lang.RuntimeException: Failed to register member
	at service.LibraryService.registerMember(LibraryService.java:125)
	at main.LibraryManagementApp.registerNewMember(LibraryManagementApp.java:315)
	at main.LibraryManagementApp.runInteractiveMenu(LibraryManagementApp.java:136)
	at main.LibraryManagementApp.main(LibraryManagementApp.java:36)
Caused by: java.lang.RuntimeException: Failed to save entity
	at dao.GenericDAOImpl.save(GenericDAOImpl.java:57)
	at service.LibraryService.registerMember(LibraryService.java:119)
	... 3 more
Caused by: org.hibernate.MappingException: Unknown entity: entity.Member
	at org.hibernate.metamodel.internal.MetamodelImpl.entityPersister(MetamodelImpl.java:715)
	at org.hibernate.internal.SessionImpl.getEntityPersister(SessionImpl.java:1653)
	at org.hibernate.event.internal.AbstractSaveEventListener.saveWithGeneratedId(AbstractSaveEventListener.java:113)
	at org.hibernate.event.internal.DefaultSaveOrUpdateEventListener.saveWithGeneratedOrRequestedId(DefaultSaveOrUpdateEventListener.java:194)
	at org.hibernate.event.internal.DefaultSaveEventListener.saveWithGeneratedOrRequestedId(DefaultSaveEventListener.java:38)
	at org.hibernate.event.internal.DefaultSaveOrUpdateEventListener.entityIsTransient(DefaultSaveOrUpdateEventListener.java:179)
	at org.hibernate.event.internal.DefaultSaveEventListener.performSaveOrUpdate(DefaultSaveEventListener.java:32)
	at org.hibernate.event.internal.DefaultSaveOrUpdateEventListener.onSaveOrUpdate(DefaultSaveOrUpdateEventListener.java:75)
	at org.hibernate.event.service.internal.EventListenerGroupImpl.fireEventOnEachListener(EventListenerGroupImpl.java:107)
	at org.hibernate.internal.SessionImpl.fireSave(SessionImpl.java:672)
	at org.hibernate.internal.SessionImpl.save(SessionImpl.java:665)
	at org.hibernate.internal.SessionImpl.save(SessionImpl.java:660)
	at dao.GenericDAOImpl.save(GenericDAOImpl.java:46)
	... 4 more
2025-09-17 11:46:06 ERROR LibraryManagementApp:39 - Error in main application
java.util.NoSuchElementException: No line found
	at java.base/java.util.Scanner.nextLine(Scanner.java:1660)
	at main.LibraryManagementApp.runInteractiveMenu(LibraryManagementApp.java:152)
	at main.LibraryManagementApp.main(LibraryManagementApp.java:36)
2025-09-17 11:46:06 INFO  HibernateUtil:40 - Closing Hibernate SessionFactory
2025-09-17 11:46:06 INFO  pooling:550 - HHH10001008: Cleaning up connection pool [jdbc:mysql://localhost:3306/library_db?useSSL=false&serverTimezone=UTC]
2025-09-17 11:46:06 INFO  LibraryManagementApp:43 - Library Management System stopped.
2025-09-17 11:46:21 INFO  LibraryManagementApp:29 - Starting Library Management System...
2025-09-17 11:46:21 INFO  LibraryManagementApp:48 - Initializing sample data...
2025-09-17 11:46:21 INFO  Version:44 - HHH000412: Hibernate ORM core version 5.6.15.Final
2025-09-17 11:46:21 INFO  Version:56 - HCANN000001: Hibernate Commons Annotations {5.1.2.Final}
2025-09-17 11:46:21 WARN  pooling:75 - HHH10001002: Using Hibernate built-in connection pool (not for production use!)
2025-09-17 11:46:21 INFO  pooling:119 - HHH10001005: using driver [com.mysql.cj.jdbc.Driver] at URL [jdbc:mysql://localhost:3306/library_db?useSSL=false&serverTimezone=UTC]
2025-09-17 11:46:21 INFO  pooling:128 - HHH10001001: Connection properties: {password=****, user=root}
2025-09-17 11:46:21 INFO  pooling:132 - HHH10001003: Autocommit mode: false
2025-09-17 11:46:21 INFO  DriverManagerConnectionProviderImpl:322 - HHH000115: Hibernate connection pool size: 10 (min=1)
2025-09-17 11:46:21 INFO  Dialect:175 - HHH000400: Using dialect: org.hibernate.dialect.MySQL8Dialect
2025-09-17 11:46:21 INFO  access:48 - HHH10001501: Connection obtained from JdbcConnectionAccess [org.hibernate.engine.jdbc.env.internal.JdbcEnvironmentInitiator$ConnectionProviderJdbcConnectionAccess@51e0301d] for (non-JTA) DDL execution was not in auto-commit mode; the Connection 'local transaction' will be committed and the Connection will be set into auto-commit mode.
2025-09-17 11:46:21 INFO  HibernateUtil:26 - Hibernate SessionFactory created successfully
2025-09-17 11:46:22 ERROR CategoryDAOImpl:31 - Error finding category by name: Fiction
java.lang.IllegalArgumentException: org.hibernate.hql.internal.ast.QuerySyntaxException: Category is not mapped [FROM Category c WHERE LOWER(c.name) = LOWER(:name)]
	at org.hibernate.internal.ExceptionConverterImpl.convert(ExceptionConverterImpl.java:138)
	at org.hibernate.internal.ExceptionConverterImpl.convert(ExceptionConverterImpl.java:181)
	at org.hibernate.internal.ExceptionConverterImpl.convert(ExceptionConverterImpl.java:188)
	at org.hibernate.internal.AbstractSharedSessionContract.createQuery(AbstractSharedSessionContract.java:757)
	at org.hibernate.internal.AbstractSharedSessionContract.createQuery(AbstractSharedSessionContract.java:848)
	at org.hibernate.internal.AbstractSharedSessionContract.createQuery(AbstractSharedSessionContract.java:114)
	at dao.CategoryDAOImpl.findByName(CategoryDAOImpl.java:23)
	at service.LibraryService.addCategory(LibraryService.java:229)
	at main.LibraryManagementApp.initializeSampleData(LibraryManagementApp.java:52)
	at main.LibraryManagementApp.main(LibraryManagementApp.java:33)
Caused by: org.hibernate.hql.internal.ast.QuerySyntaxException: Category is not mapped [FROM Category c WHERE LOWER(c.name) = LOWER(:name)]
	at org.hibernate.hql.internal.ast.QuerySyntaxException.generateQueryException(QuerySyntaxException.java:79)
	at org.hibernate.QueryException.wrapWithQueryString(QueryException.java:103)
	at org.hibernate.hql.internal.ast.QueryTranslatorImpl.doCompile(QueryTranslatorImpl.java:220)
	at org.hibernate.hql.internal.ast.QueryTranslatorImpl.compile(QueryTranslatorImpl.java:144)
	at org.hibernate.engine.query.spi.HQLQueryPlan.<init>(HQLQueryPlan.java:112)
	at org.hibernate.engine.query.spi.HQLQueryPlan.<init>(HQLQueryPlan.java:73)
	at org.hibernate.engine.query.spi.QueryPlanCache.getHQLQueryPlan(QueryPlanCache.java:162)
	at org.hibernate.internal.AbstractSharedSessionContract.getQueryPlan(AbstractSharedSessionContract.java:636)
	at org.hibernate.internal.AbstractSharedSessionContract.createQuery(AbstractSharedSessionContract.java:748)
	... 6 more
Caused by: org.hibernate.hql.internal.ast.QuerySyntaxException: Category is not mapped
	at org.hibernate.hql.internal.ast.util.SessionFactoryHelper.requireClassPersister(SessionFactoryHelper.java:170)
	at org.hibernate.hql.internal.ast.tree.FromElementFactory.addFromElement(FromElementFactory.java:91)
	at org.hibernate.hql.internal.ast.tree.FromClause.addFromElement(FromClause.java:77)
	at org.hibernate.hql.internal.ast.HqlSqlWalker.createFromElement(HqlSqlWalker.java:334)
	at org.hibernate.hql.internal.antlr.HqlSqlBaseWalker.fromElement(HqlSqlBaseWalker.java:3782)
	at org.hibernate.hql.internal.antlr.HqlSqlBaseWalker.fromElementList(HqlSqlBaseWalker.java:3671)
	at org.hibernate.hql.internal.antlr.HqlSqlBaseWalker.fromClause(HqlSqlBaseWalker.java:746)
	at org.hibernate.hql.internal.antlr.HqlSqlBaseWalker.query(HqlSqlBaseWalker.java:602)
	at org.hibernate.hql.internal.antlr.HqlSqlBaseWalker.selectStatement(HqlSqlBaseWalker.java:339)
	at org.hibernate.hql.internal.antlr.HqlSqlBaseWalker.statement(HqlSqlBaseWalker.java:287)
	at org.hibernate.hql.internal.ast.QueryTranslatorImpl.analyze(QueryTranslatorImpl.java:276)
	at org.hibernate.hql.internal.ast.QueryTranslatorImpl.doCompile(QueryTranslatorImpl.java:192)
	... 12 more
2025-09-17 11:46:22 ERROR LibraryService:239 - Error adding category: Fiction
java.lang.RuntimeException: Failed to find category by name
	at dao.CategoryDAOImpl.findByName(CategoryDAOImpl.java:32)
	at service.LibraryService.addCategory(LibraryService.java:229)
	at main.LibraryManagementApp.initializeSampleData(LibraryManagementApp.java:52)
	at main.LibraryManagementApp.main(LibraryManagementApp.java:33)
Caused by: java.lang.IllegalArgumentException: org.hibernate.hql.internal.ast.QuerySyntaxException: Category is not mapped [FROM Category c WHERE LOWER(c.name) = LOWER(:name)]
	at org.hibernate.internal.ExceptionConverterImpl.convert(ExceptionConverterImpl.java:138)
	at org.hibernate.internal.ExceptionConverterImpl.convert(ExceptionConverterImpl.java:181)
	at org.hibernate.internal.ExceptionConverterImpl.convert(ExceptionConverterImpl.java:188)
	at org.hibernate.internal.AbstractSharedSessionContract.createQuery(AbstractSharedSessionContract.java:757)
	at org.hibernate.internal.AbstractSharedSessionContract.createQuery(AbstractSharedSessionContract.java:848)
	at org.hibernate.internal.AbstractSharedSessionContract.createQuery(AbstractSharedSessionContract.java:114)
	at dao.CategoryDAOImpl.findByName(CategoryDAOImpl.java:23)
	... 3 more
Caused by: org.hibernate.hql.internal.ast.QuerySyntaxException: Category is not mapped [FROM Category c WHERE LOWER(c.name) = LOWER(:name)]
	at org.hibernate.hql.internal.ast.QuerySyntaxException.generateQueryException(QuerySyntaxException.java:79)
	at org.hibernate.QueryException.wrapWithQueryString(QueryException.java:103)
	at org.hibernate.hql.internal.ast.QueryTranslatorImpl.doCompile(QueryTranslatorImpl.java:220)
	at org.hibernate.hql.internal.ast.QueryTranslatorImpl.compile(QueryTranslatorImpl.java:144)
	at org.hibernate.engine.query.spi.HQLQueryPlan.<init>(HQLQueryPlan.java:112)
	at org.hibernate.engine.query.spi.HQLQueryPlan.<init>(HQLQueryPlan.java:73)
	at org.hibernate.engine.query.spi.QueryPlanCache.getHQLQueryPlan(QueryPlanCache.java:162)
	at org.hibernate.internal.AbstractSharedSessionContract.getQueryPlan(AbstractSharedSessionContract.java:636)
	at org.hibernate.internal.AbstractSharedSessionContract.createQuery(AbstractSharedSessionContract.java:748)
	... 6 more
Caused by: org.hibernate.hql.internal.ast.QuerySyntaxException: Category is not mapped
	at org.hibernate.hql.internal.ast.util.SessionFactoryHelper.requireClassPersister(SessionFactoryHelper.java:170)
	at org.hibernate.hql.internal.ast.tree.FromElementFactory.addFromElement(FromElementFactory.java:91)
	at org.hibernate.hql.internal.ast.tree.FromClause.addFromElement(FromClause.java:77)
	at org.hibernate.hql.internal.ast.HqlSqlWalker.createFromElement(HqlSqlWalker.java:334)
	at org.hibernate.hql.internal.antlr.HqlSqlBaseWalker.fromElement(HqlSqlBaseWalker.java:3782)
	at org.hibernate.hql.internal.antlr.HqlSqlBaseWalker.fromElementList(HqlSqlBaseWalker.java:3671)
	at org.hibernate.hql.internal.antlr.HqlSqlBaseWalker.fromClause(HqlSqlBaseWalker.java:746)
	at org.hibernate.hql.internal.antlr.HqlSqlBaseWalker.query(HqlSqlBaseWalker.java:602)
	at org.hibernate.hql.internal.antlr.HqlSqlBaseWalker.selectStatement(HqlSqlBaseWalker.java:339)
	at org.hibernate.hql.internal.antlr.HqlSqlBaseWalker.statement(HqlSqlBaseWalker.java:287)
	at org.hibernate.hql.internal.ast.QueryTranslatorImpl.analyze(QueryTranslatorImpl.java:276)
	at org.hibernate.hql.internal.ast.QueryTranslatorImpl.doCompile(QueryTranslatorImpl.java:192)
	... 12 more
2025-09-17 11:46:22 ERROR LibraryManagementApp:109 - Error initializing sample data
java.lang.RuntimeException: Failed to add category
	at service.LibraryService.addCategory(LibraryService.java:240)
	at main.LibraryManagementApp.initializeSampleData(LibraryManagementApp.java:52)
	at main.LibraryManagementApp.main(LibraryManagementApp.java:33)
Caused by: java.lang.RuntimeException: Failed to find category by name
	at dao.CategoryDAOImpl.findByName(CategoryDAOImpl.java:32)
	at service.LibraryService.addCategory(LibraryService.java:229)
	... 2 more
Caused by: java.lang.IllegalArgumentException: org.hibernate.hql.internal.ast.QuerySyntaxException: Category is not mapped [FROM Category c WHERE LOWER(c.name) = LOWER(:name)]
	at org.hibernate.internal.ExceptionConverterImpl.convert(ExceptionConverterImpl.java:138)
	at org.hibernate.internal.ExceptionConverterImpl.convert(ExceptionConverterImpl.java:181)
	at org.hibernate.internal.ExceptionConverterImpl.convert(ExceptionConverterImpl.java:188)
	at org.hibernate.internal.AbstractSharedSessionContract.createQuery(AbstractSharedSessionContract.java:757)
	at org.hibernate.internal.AbstractSharedSessionContract.createQuery(AbstractSharedSessionContract.java:848)
	at org.hibernate.internal.AbstractSharedSessionContract.createQuery(AbstractSharedSessionContract.java:114)
	at dao.CategoryDAOImpl.findByName(CategoryDAOImpl.java:23)
	... 3 more
Caused by: org.hibernate.hql.internal.ast.QuerySyntaxException: Category is not mapped [FROM Category c WHERE LOWER(c.name) = LOWER(:name)]
	at org.hibernate.hql.internal.ast.QuerySyntaxException.generateQueryException(QuerySyntaxException.java:79)
	at org.hibernate.QueryException.wrapWithQueryString(QueryException.java:103)
	at org.hibernate.hql.internal.ast.QueryTranslatorImpl.doCompile(QueryTranslatorImpl.java:220)
	at org.hibernate.hql.internal.ast.QueryTranslatorImpl.compile(QueryTranslatorImpl.java:144)
	at org.hibernate.engine.query.spi.HQLQueryPlan.<init>(HQLQueryPlan.java:112)
	at org.hibernate.engine.query.spi.HQLQueryPlan.<init>(HQLQueryPlan.java:73)
	at org.hibernate.engine.query.spi.QueryPlanCache.getHQLQueryPlan(QueryPlanCache.java:162)
	at org.hibernate.internal.AbstractSharedSessionContract.getQueryPlan(AbstractSharedSessionContract.java:636)
	at org.hibernate.internal.AbstractSharedSessionContract.createQuery(AbstractSharedSessionContract.java:748)
	... 6 more
Caused by: org.hibernate.hql.internal.ast.QuerySyntaxException: Category is not mapped
	at org.hibernate.hql.internal.ast.util.SessionFactoryHelper.requireClassPersister(SessionFactoryHelper.java:170)
	at org.hibernate.hql.internal.ast.tree.FromElementFactory.addFromElement(FromElementFactory.java:91)
	at org.hibernate.hql.internal.ast.tree.FromClause.addFromElement(FromClause.java:77)
	at org.hibernate.hql.internal.ast.HqlSqlWalker.createFromElement(HqlSqlWalker.java:334)
	at org.hibernate.hql.internal.antlr.HqlSqlBaseWalker.fromElement(HqlSqlBaseWalker.java:3782)
	at org.hibernate.hql.internal.antlr.HqlSqlBaseWalker.fromElementList(HqlSqlBaseWalker.java:3671)
	at org.hibernate.hql.internal.antlr.HqlSqlBaseWalker.fromClause(HqlSqlBaseWalker.java:746)
	at org.hibernate.hql.internal.antlr.HqlSqlBaseWalker.query(HqlSqlBaseWalker.java:602)
	at org.hibernate.hql.internal.antlr.HqlSqlBaseWalker.selectStatement(HqlSqlBaseWalker.java:339)
	at org.hibernate.hql.internal.antlr.HqlSqlBaseWalker.statement(HqlSqlBaseWalker.java:287)
	at org.hibernate.hql.internal.ast.QueryTranslatorImpl.analyze(QueryTranslatorImpl.java:276)
	at org.hibernate.hql.internal.ast.QueryTranslatorImpl.doCompile(QueryTranslatorImpl.java:192)
	... 12 more
2025-09-17 11:56:08 INFO  LibraryManagementApp:29 - Starting Library Management System...
2025-09-17 11:56:08 INFO  LibraryManagementApp:48 - Initializing sample data...
2025-09-17 11:56:08 INFO  Version:44 - HHH000412: Hibernate ORM core version 5.6.15.Final
2025-09-17 11:56:09 INFO  Version:56 - HCANN000001: Hibernate Commons Annotations {5.1.2.Final}
2025-09-17 11:56:09 WARN  pooling:75 - HHH10001002: Using Hibernate built-in connection pool (not for production use!)
2025-09-17 11:56:09 INFO  pooling:119 - HHH10001005: using driver [com.mysql.cj.jdbc.Driver] at URL [jdbc:mysql://localhost:3306/library_db?useSSL=false&serverTimezone=UTC]
2025-09-17 11:56:09 INFO  pooling:128 - HHH10001001: Connection properties: {password=****, user=root}
2025-09-17 11:56:09 INFO  pooling:132 - HHH10001003: Autocommit mode: false
2025-09-17 11:56:09 INFO  DriverManagerConnectionProviderImpl:322 - HHH000115: Hibernate connection pool size: 10 (min=1)
2025-09-17 11:56:09 INFO  Dialect:175 - HHH000400: Using dialect: org.hibernate.dialect.MySQL8Dialect
2025-09-17 11:56:09 INFO  access:48 - HHH10001501: Connection obtained from JdbcConnectionAccess [org.hibernate.engine.jdbc.env.internal.JdbcEnvironmentInitiator$ConnectionProviderJdbcConnectionAccess@51e0301d] for (non-JTA) DDL execution was not in auto-commit mode; the Connection 'local transaction' will be committed and the Connection will be set into auto-commit mode.
2025-09-17 11:56:09 INFO  HibernateUtil:26 - Hibernate SessionFactory created successfully
2025-09-17 11:56:09 ERROR CategoryDAOImpl:31 - Error finding category by name: Fiction
java.lang.IllegalArgumentException: org.hibernate.hql.internal.ast.QuerySyntaxException: Category is not mapped [FROM Category c WHERE LOWER(c.name) = LOWER(:name)]
	at org.hibernate.internal.ExceptionConverterImpl.convert(ExceptionConverterImpl.java:138)
	at org.hibernate.internal.ExceptionConverterImpl.convert(ExceptionConverterImpl.java:181)
	at org.hibernate.internal.ExceptionConverterImpl.convert(ExceptionConverterImpl.java:188)
	at org.hibernate.internal.AbstractSharedSessionContract.createQuery(AbstractSharedSessionContract.java:757)
	at org.hibernate.internal.AbstractSharedSessionContract.createQuery(AbstractSharedSessionContract.java:848)
	at org.hibernate.internal.AbstractSharedSessionContract.createQuery(AbstractSharedSessionContract.java:114)
	at dao.CategoryDAOImpl.findByName(CategoryDAOImpl.java:23)
	at service.LibraryService.addCategory(LibraryService.java:229)
	at main.LibraryManagementApp.initializeSampleData(LibraryManagementApp.java:52)
	at main.LibraryManagementApp.main(LibraryManagementApp.java:33)
Caused by: org.hibernate.hql.internal.ast.QuerySyntaxException: Category is not mapped [FROM Category c WHERE LOWER(c.name) = LOWER(:name)]
	at org.hibernate.hql.internal.ast.QuerySyntaxException.generateQueryException(QuerySyntaxException.java:79)
	at org.hibernate.QueryException.wrapWithQueryString(QueryException.java:103)
	at org.hibernate.hql.internal.ast.QueryTranslatorImpl.doCompile(QueryTranslatorImpl.java:220)
	at org.hibernate.hql.internal.ast.QueryTranslatorImpl.compile(QueryTranslatorImpl.java:144)
	at org.hibernate.engine.query.spi.HQLQueryPlan.<init>(HQLQueryPlan.java:112)
	at org.hibernate.engine.query.spi.HQLQueryPlan.<init>(HQLQueryPlan.java:73)
	at org.hibernate.engine.query.spi.QueryPlanCache.getHQLQueryPlan(QueryPlanCache.java:162)
	at org.hibernate.internal.AbstractSharedSessionContract.getQueryPlan(AbstractSharedSessionContract.java:636)
	at org.hibernate.internal.AbstractSharedSessionContract.createQuery(AbstractSharedSessionContract.java:748)
	... 6 more
Caused by: org.hibernate.hql.internal.ast.QuerySyntaxException: Category is not mapped
	at org.hibernate.hql.internal.ast.util.SessionFactoryHelper.requireClassPersister(SessionFactoryHelper.java:170)
	at org.hibernate.hql.internal.ast.tree.FromElementFactory.addFromElement(FromElementFactory.java:91)
	at org.hibernate.hql.internal.ast.tree.FromClause.addFromElement(FromClause.java:77)
	at org.hibernate.hql.internal.ast.HqlSqlWalker.createFromElement(HqlSqlWalker.java:334)
	at org.hibernate.hql.internal.antlr.HqlSqlBaseWalker.fromElement(HqlSqlBaseWalker.java:3782)
	at org.hibernate.hql.internal.antlr.HqlSqlBaseWalker.fromElementList(HqlSqlBaseWalker.java:3671)
	at org.hibernate.hql.internal.antlr.HqlSqlBaseWalker.fromClause(HqlSqlBaseWalker.java:746)
	at org.hibernate.hql.internal.antlr.HqlSqlBaseWalker.query(HqlSqlBaseWalker.java:602)
	at org.hibernate.hql.internal.antlr.HqlSqlBaseWalker.selectStatement(HqlSqlBaseWalker.java:339)
	at org.hibernate.hql.internal.antlr.HqlSqlBaseWalker.statement(HqlSqlBaseWalker.java:287)
	at org.hibernate.hql.internal.ast.QueryTranslatorImpl.analyze(QueryTranslatorImpl.java:276)
	at org.hibernate.hql.internal.ast.QueryTranslatorImpl.doCompile(QueryTranslatorImpl.java:192)
	... 12 more
2025-09-17 11:56:09 ERROR LibraryService:239 - Error adding category: Fiction
java.lang.RuntimeException: Failed to find category by name
	at dao.CategoryDAOImpl.findByName(CategoryDAOImpl.java:32)
	at service.LibraryService.addCategory(LibraryService.java:229)
	at main.LibraryManagementApp.initializeSampleData(LibraryManagementApp.java:52)
	at main.LibraryManagementApp.main(LibraryManagementApp.java:33)
Caused by: java.lang.IllegalArgumentException: org.hibernate.hql.internal.ast.QuerySyntaxException: Category is not mapped [FROM Category c WHERE LOWER(c.name) = LOWER(:name)]
	at org.hibernate.internal.ExceptionConverterImpl.convert(ExceptionConverterImpl.java:138)
	at org.hibernate.internal.ExceptionConverterImpl.convert(ExceptionConverterImpl.java:181)
	at org.hibernate.internal.ExceptionConverterImpl.convert(ExceptionConverterImpl.java:188)
	at org.hibernate.internal.AbstractSharedSessionContract.createQuery(AbstractSharedSessionContract.java:757)
	at org.hibernate.internal.AbstractSharedSessionContract.createQuery(AbstractSharedSessionContract.java:848)
	at org.hibernate.internal.AbstractSharedSessionContract.createQuery(AbstractSharedSessionContract.java:114)
	at dao.CategoryDAOImpl.findByName(CategoryDAOImpl.java:23)
	... 3 more
Caused by: org.hibernate.hql.internal.ast.QuerySyntaxException: Category is not mapped [FROM Category c WHERE LOWER(c.name) = LOWER(:name)]
	at org.hibernate.hql.internal.ast.QuerySyntaxException.generateQueryException(QuerySyntaxException.java:79)
	at org.hibernate.QueryException.wrapWithQueryString(QueryException.java:103)
	at org.hibernate.hql.internal.ast.QueryTranslatorImpl.doCompile(QueryTranslatorImpl.java:220)
	at org.hibernate.hql.internal.ast.QueryTranslatorImpl.compile(QueryTranslatorImpl.java:144)
	at org.hibernate.engine.query.spi.HQLQueryPlan.<init>(HQLQueryPlan.java:112)
	at org.hibernate.engine.query.spi.HQLQueryPlan.<init>(HQLQueryPlan.java:73)
	at org.hibernate.engine.query.spi.QueryPlanCache.getHQLQueryPlan(QueryPlanCache.java:162)
	at org.hibernate.internal.AbstractSharedSessionContract.getQueryPlan(AbstractSharedSessionContract.java:636)
	at org.hibernate.internal.AbstractSharedSessionContract.createQuery(AbstractSharedSessionContract.java:748)
	... 6 more
Caused by: org.hibernate.hql.internal.ast.QuerySyntaxException: Category is not mapped
	at org.hibernate.hql.internal.ast.util.SessionFactoryHelper.requireClassPersister(SessionFactoryHelper.java:170)
	at org.hibernate.hql.internal.ast.tree.FromElementFactory.addFromElement(FromElementFactory.java:91)
	at org.hibernate.hql.internal.ast.tree.FromClause.addFromElement(FromClause.java:77)
	at org.hibernate.hql.internal.ast.HqlSqlWalker.createFromElement(HqlSqlWalker.java:334)
	at org.hibernate.hql.internal.antlr.HqlSqlBaseWalker.fromElement(HqlSqlBaseWalker.java:3782)
	at org.hibernate.hql.internal.antlr.HqlSqlBaseWalker.fromElementList(HqlSqlBaseWalker.java:3671)
	at org.hibernate.hql.internal.antlr.HqlSqlBaseWalker.fromClause(HqlSqlBaseWalker.java:746)
	at org.hibernate.hql.internal.antlr.HqlSqlBaseWalker.query(HqlSqlBaseWalker.java:602)
	at org.hibernate.hql.internal.antlr.HqlSqlBaseWalker.selectStatement(HqlSqlBaseWalker.java:339)
	at org.hibernate.hql.internal.antlr.HqlSqlBaseWalker.statement(HqlSqlBaseWalker.java:287)
	at org.hibernate.hql.internal.ast.QueryTranslatorImpl.analyze(QueryTranslatorImpl.java:276)
	at org.hibernate.hql.internal.ast.QueryTranslatorImpl.doCompile(QueryTranslatorImpl.java:192)
	... 12 more
2025-09-17 11:56:09 ERROR LibraryManagementApp:109 - Error initializing sample data
java.lang.RuntimeException: Failed to add category
	at service.LibraryService.addCategory(LibraryService.java:240)
	at main.LibraryManagementApp.initializeSampleData(LibraryManagementApp.java:52)
	at main.LibraryManagementApp.main(LibraryManagementApp.java:33)
Caused by: java.lang.RuntimeException: Failed to find category by name
	at dao.CategoryDAOImpl.findByName(CategoryDAOImpl.java:32)
	at service.LibraryService.addCategory(LibraryService.java:229)
	... 2 more
Caused by: java.lang.IllegalArgumentException: org.hibernate.hql.internal.ast.QuerySyntaxException: Category is not mapped [FROM Category c WHERE LOWER(c.name) = LOWER(:name)]
	at org.hibernate.internal.ExceptionConverterImpl.convert(ExceptionConverterImpl.java:138)
	at org.hibernate.internal.ExceptionConverterImpl.convert(ExceptionConverterImpl.java:181)
	at org.hibernate.internal.ExceptionConverterImpl.convert(ExceptionConverterImpl.java:188)
	at org.hibernate.internal.AbstractSharedSessionContract.createQuery(AbstractSharedSessionContract.java:757)
	at org.hibernate.internal.AbstractSharedSessionContract.createQuery(AbstractSharedSessionContract.java:848)
	at org.hibernate.internal.AbstractSharedSessionContract.createQuery(AbstractSharedSessionContract.java:114)
	at dao.CategoryDAOImpl.findByName(CategoryDAOImpl.java:23)
	... 3 more
Caused by: org.hibernate.hql.internal.ast.QuerySyntaxException: Category is not mapped [FROM Category c WHERE LOWER(c.name) = LOWER(:name)]
	at org.hibernate.hql.internal.ast.QuerySyntaxException.generateQueryException(QuerySyntaxException.java:79)
	at org.hibernate.QueryException.wrapWithQueryString(QueryException.java:103)
	at org.hibernate.hql.internal.ast.QueryTranslatorImpl.doCompile(QueryTranslatorImpl.java:220)
	at org.hibernate.hql.internal.ast.QueryTranslatorImpl.compile(QueryTranslatorImpl.java:144)
	at org.hibernate.engine.query.spi.HQLQueryPlan.<init>(HQLQueryPlan.java:112)
	at org.hibernate.engine.query.spi.HQLQueryPlan.<init>(HQLQueryPlan.java:73)
	at org.hibernate.engine.query.spi.QueryPlanCache.getHQLQueryPlan(QueryPlanCache.java:162)
	at org.hibernate.internal.AbstractSharedSessionContract.getQueryPlan(AbstractSharedSessionContract.java:636)
	at org.hibernate.internal.AbstractSharedSessionContract.createQuery(AbstractSharedSessionContract.java:748)
	... 6 more
Caused by: org.hibernate.hql.internal.ast.QuerySyntaxException: Category is not mapped
	at org.hibernate.hql.internal.ast.util.SessionFactoryHelper.requireClassPersister(SessionFactoryHelper.java:170)
	at org.hibernate.hql.internal.ast.tree.FromElementFactory.addFromElement(FromElementFactory.java:91)
	at org.hibernate.hql.internal.ast.tree.FromClause.addFromElement(FromClause.java:77)
	at org.hibernate.hql.internal.ast.HqlSqlWalker.createFromElement(HqlSqlWalker.java:334)
	at org.hibernate.hql.internal.antlr.HqlSqlBaseWalker.fromElement(HqlSqlBaseWalker.java:3782)
	at org.hibernate.hql.internal.antlr.HqlSqlBaseWalker.fromElementList(HqlSqlBaseWalker.java:3671)
	at org.hibernate.hql.internal.antlr.HqlSqlBaseWalker.fromClause(HqlSqlBaseWalker.java:746)
	at org.hibernate.hql.internal.antlr.HqlSqlBaseWalker.query(HqlSqlBaseWalker.java:602)
	at org.hibernate.hql.internal.antlr.HqlSqlBaseWalker.selectStatement(HqlSqlBaseWalker.java:339)
	at org.hibernate.hql.internal.antlr.HqlSqlBaseWalker.statement(HqlSqlBaseWalker.java:287)
	at org.hibernate.hql.internal.ast.QueryTranslatorImpl.analyze(QueryTranslatorImpl.java:276)
	at org.hibernate.hql.internal.ast.QueryTranslatorImpl.doCompile(QueryTranslatorImpl.java:192)
	... 12 more
2025-09-17 11:56:46 ERROR BookDAOImpl:197 - Error searching books with keyword: k
java.lang.IllegalArgumentException: org.hibernate.hql.internal.ast.QuerySyntaxException: Book is not mapped [FROM Book b WHERE LOWER(b.title) LIKE LOWER(:keyword) OR LOWER(b.description) LIKE LOWER(:keyword) OR LOWER(b.isbn) LIKE LOWER(:keyword)]
	at org.hibernate.internal.ExceptionConverterImpl.convert(ExceptionConverterImpl.java:138)
	at org.hibernate.internal.ExceptionConverterImpl.convert(ExceptionConverterImpl.java:181)
	at org.hibernate.internal.ExceptionConverterImpl.convert(ExceptionConverterImpl.java:188)
	at org.hibernate.internal.AbstractSharedSessionContract.createQuery(AbstractSharedSessionContract.java:757)
	at org.hibernate.internal.AbstractSharedSessionContract.createQuery(AbstractSharedSessionContract.java:848)
	at org.hibernate.internal.AbstractSharedSessionContract.createQuery(AbstractSharedSessionContract.java:114)
	at dao.BookDAOImpl.searchBooks(BookDAOImpl.java:189)
	at service.LibraryService.searchBooks(LibraryService.java:68)
	at main.LibraryManagementApp.searchBooks(LibraryManagementApp.java:182)
	at main.LibraryManagementApp.runInteractiveMenu(LibraryManagementApp.java:121)
	at main.LibraryManagementApp.main(LibraryManagementApp.java:36)
Caused by: org.hibernate.hql.internal.ast.QuerySyntaxException: Book is not mapped [FROM Book b WHERE LOWER(b.title) LIKE LOWER(:keyword) OR LOWER(b.description) LIKE LOWER(:keyword) OR LOWER(b.isbn) LIKE LOWER(:keyword)]
	at org.hibernate.hql.internal.ast.QuerySyntaxException.generateQueryException(QuerySyntaxException.java:79)
	at org.hibernate.QueryException.wrapWithQueryString(QueryException.java:103)
	at org.hibernate.hql.internal.ast.QueryTranslatorImpl.doCompile(QueryTranslatorImpl.java:220)
	at org.hibernate.hql.internal.ast.QueryTranslatorImpl.compile(QueryTranslatorImpl.java:144)
	at org.hibernate.engine.query.spi.HQLQueryPlan.<init>(HQLQueryPlan.java:112)
	at org.hibernate.engine.query.spi.HQLQueryPlan.<init>(HQLQueryPlan.java:73)
	at org.hibernate.engine.query.spi.QueryPlanCache.getHQLQueryPlan(QueryPlanCache.java:162)
	at org.hibernate.internal.AbstractSharedSessionContract.getQueryPlan(AbstractSharedSessionContract.java:636)
	at org.hibernate.internal.AbstractSharedSessionContract.createQuery(AbstractSharedSessionContract.java:748)
	... 7 more
Caused by: org.hibernate.hql.internal.ast.QuerySyntaxException: Book is not mapped
	at org.hibernate.hql.internal.ast.util.SessionFactoryHelper.requireClassPersister(SessionFactoryHelper.java:170)
	at org.hibernate.hql.internal.ast.tree.FromElementFactory.addFromElement(FromElementFactory.java:91)
	at org.hibernate.hql.internal.ast.tree.FromClause.addFromElement(FromClause.java:77)
	at org.hibernate.hql.internal.ast.HqlSqlWalker.createFromElement(HqlSqlWalker.java:334)
	at org.hibernate.hql.internal.antlr.HqlSqlBaseWalker.fromElement(HqlSqlBaseWalker.java:3782)
	at org.hibernate.hql.internal.antlr.HqlSqlBaseWalker.fromElementList(HqlSqlBaseWalker.java:3671)
	at org.hibernate.hql.internal.antlr.HqlSqlBaseWalker.fromClause(HqlSqlBaseWalker.java:746)
	at org.hibernate.hql.internal.antlr.HqlSqlBaseWalker.query(HqlSqlBaseWalker.java:602)
	at org.hibernate.hql.internal.antlr.HqlSqlBaseWalker.selectStatement(HqlSqlBaseWalker.java:339)
	at org.hibernate.hql.internal.antlr.HqlSqlBaseWalker.statement(HqlSqlBaseWalker.java:287)
	at org.hibernate.hql.internal.ast.QueryTranslatorImpl.analyze(QueryTranslatorImpl.java:276)
	at org.hibernate.hql.internal.ast.QueryTranslatorImpl.doCompile(QueryTranslatorImpl.java:192)
	... 13 more
2025-09-17 11:56:46 ERROR LibraryManagementApp:196 - Error in searchBooks
java.lang.RuntimeException: Failed to search books
	at dao.BookDAOImpl.searchBooks(BookDAOImpl.java:198)
	at service.LibraryService.searchBooks(LibraryService.java:68)
	at main.LibraryManagementApp.searchBooks(LibraryManagementApp.java:182)
	at main.LibraryManagementApp.runInteractiveMenu(LibraryManagementApp.java:121)
	at main.LibraryManagementApp.main(LibraryManagementApp.java:36)
Caused by: java.lang.IllegalArgumentException: org.hibernate.hql.internal.ast.QuerySyntaxException: Book is not mapped [FROM Book b WHERE LOWER(b.title) LIKE LOWER(:keyword) OR LOWER(b.description) LIKE LOWER(:keyword) OR LOWER(b.isbn) LIKE LOWER(:keyword)]
	at org.hibernate.internal.ExceptionConverterImpl.convert(ExceptionConverterImpl.java:138)
	at org.hibernate.internal.ExceptionConverterImpl.convert(ExceptionConverterImpl.java:181)
	at org.hibernate.internal.ExceptionConverterImpl.convert(ExceptionConverterImpl.java:188)
	at org.hibernate.internal.AbstractSharedSessionContract.createQuery(AbstractSharedSessionContract.java:757)
	at org.hibernate.internal.AbstractSharedSessionContract.createQuery(AbstractSharedSessionContract.java:848)
	at org.hibernate.internal.AbstractSharedSessionContract.createQuery(AbstractSharedSessionContract.java:114)
	at dao.BookDAOImpl.searchBooks(BookDAOImpl.java:189)
	... 4 more
Caused by: org.hibernate.hql.internal.ast.QuerySyntaxException: Book is not mapped [FROM Book b WHERE LOWER(b.title) LIKE LOWER(:keyword) OR LOWER(b.description) LIKE LOWER(:keyword) OR LOWER(b.isbn) LIKE LOWER(:keyword)]
	at org.hibernate.hql.internal.ast.QuerySyntaxException.generateQueryException(QuerySyntaxException.java:79)
	at org.hibernate.QueryException.wrapWithQueryString(QueryException.java:103)
	at org.hibernate.hql.internal.ast.QueryTranslatorImpl.doCompile(QueryTranslatorImpl.java:220)
	at org.hibernate.hql.internal.ast.QueryTranslatorImpl.compile(QueryTranslatorImpl.java:144)
	at org.hibernate.engine.query.spi.HQLQueryPlan.<init>(HQLQueryPlan.java:112)
	at org.hibernate.engine.query.spi.HQLQueryPlan.<init>(HQLQueryPlan.java:73)
	at org.hibernate.engine.query.spi.QueryPlanCache.getHQLQueryPlan(QueryPlanCache.java:162)
	at org.hibernate.internal.AbstractSharedSessionContract.getQueryPlan(AbstractSharedSessionContract.java:636)
	at org.hibernate.internal.AbstractSharedSessionContract.createQuery(AbstractSharedSessionContract.java:748)
	... 7 more
Caused by: org.hibernate.hql.internal.ast.QuerySyntaxException: Book is not mapped
	at org.hibernate.hql.internal.ast.util.SessionFactoryHelper.requireClassPersister(SessionFactoryHelper.java:170)
	at org.hibernate.hql.internal.ast.tree.FromElementFactory.addFromElement(FromElementFactory.java:91)
	at org.hibernate.hql.internal.ast.tree.FromClause.addFromElement(FromClause.java:77)
	at org.hibernate.hql.internal.ast.HqlSqlWalker.createFromElement(HqlSqlWalker.java:334)
	at org.hibernate.hql.internal.antlr.HqlSqlBaseWalker.fromElement(HqlSqlBaseWalker.java:3782)
	at org.hibernate.hql.internal.antlr.HqlSqlBaseWalker.fromElementList(HqlSqlBaseWalker.java:3671)
	at org.hibernate.hql.internal.antlr.HqlSqlBaseWalker.fromClause(HqlSqlBaseWalker.java:746)
	at org.hibernate.hql.internal.antlr.HqlSqlBaseWalker.query(HqlSqlBaseWalker.java:602)
	at org.hibernate.hql.internal.antlr.HqlSqlBaseWalker.selectStatement(HqlSqlBaseWalker.java:339)
	at org.hibernate.hql.internal.antlr.HqlSqlBaseWalker.statement(HqlSqlBaseWalker.java:287)
	at org.hibernate.hql.internal.ast.QueryTranslatorImpl.analyze(QueryTranslatorImpl.java:276)
	at org.hibernate.hql.internal.ast.QueryTranslatorImpl.doCompile(QueryTranslatorImpl.java:192)
	... 13 more
2025-09-17 12:21:45 INFO  LibraryManagementApp:29 - Starting Library Management System...
2025-09-17 12:21:45 INFO  LibraryManagementApp:48 - Initializing sample data...
2025-09-17 12:21:45 INFO  Version:44 - HHH000412: Hibernate ORM core version 5.6.15.Final
2025-09-17 12:21:45 INFO  Version:56 - HCANN000001: Hibernate Commons Annotations {5.1.2.Final}
2025-09-17 12:21:46 WARN  pooling:75 - HHH10001002: Using Hibernate built-in connection pool (not for production use!)
2025-09-17 12:21:46 INFO  pooling:119 - HHH10001005: using driver [com.mysql.cj.jdbc.Driver] at URL [jdbc:mysql://localhost:3306/library_db?useSSL=false&serverTimezone=UTC]
2025-09-17 12:21:46 INFO  pooling:128 - HHH10001001: Connection properties: {password=****, user=root}
2025-09-17 12:21:46 INFO  pooling:132 - HHH10001003: Autocommit mode: false
2025-09-17 12:21:46 INFO  DriverManagerConnectionProviderImpl:322 - HHH000115: Hibernate connection pool size: 10 (min=1)
2025-09-17 12:21:46 INFO  Dialect:175 - HHH000400: Using dialect: org.hibernate.dialect.MySQL8Dialect
2025-09-17 12:21:46 INFO  access:48 - HHH10001501: Connection obtained from JdbcConnectionAccess [org.hibernate.engine.jdbc.env.internal.JdbcEnvironmentInitiator$ConnectionProviderJdbcConnectionAccess@51e0301d] for (non-JTA) DDL execution was not in auto-commit mode; the Connection 'local transaction' will be committed and the Connection will be set into auto-commit mode.
2025-09-17 12:21:46 INFO  HibernateUtil:26 - Hibernate SessionFactory created successfully
2025-09-17 12:21:46 ERROR CategoryDAOImpl:31 - Error finding category by name: Fiction
java.lang.IllegalArgumentException: org.hibernate.hql.internal.ast.QuerySyntaxException: Category is not mapped [FROM Category c WHERE LOWER(c.name) = LOWER(:name)]
	at org.hibernate.internal.ExceptionConverterImpl.convert(ExceptionConverterImpl.java:138)
	at org.hibernate.internal.ExceptionConverterImpl.convert(ExceptionConverterImpl.java:181)
	at org.hibernate.internal.ExceptionConverterImpl.convert(ExceptionConverterImpl.java:188)
	at org.hibernate.internal.AbstractSharedSessionContract.createQuery(AbstractSharedSessionContract.java:757)
	at org.hibernate.internal.AbstractSharedSessionContract.createQuery(AbstractSharedSessionContract.java:848)
	at org.hibernate.internal.AbstractSharedSessionContract.createQuery(AbstractSharedSessionContract.java:114)
	at dao.CategoryDAOImpl.findByName(CategoryDAOImpl.java:23)
	at service.LibraryService.addCategory(LibraryService.java:229)
	at main.LibraryManagementApp.initializeSampleData(LibraryManagementApp.java:52)
	at main.LibraryManagementApp.main(LibraryManagementApp.java:33)
Caused by: org.hibernate.hql.internal.ast.QuerySyntaxException: Category is not mapped [FROM Category c WHERE LOWER(c.name) = LOWER(:name)]
	at org.hibernate.hql.internal.ast.QuerySyntaxException.generateQueryException(QuerySyntaxException.java:79)
	at org.hibernate.QueryException.wrapWithQueryString(QueryException.java:103)
	at org.hibernate.hql.internal.ast.QueryTranslatorImpl.doCompile(QueryTranslatorImpl.java:220)
	at org.hibernate.hql.internal.ast.QueryTranslatorImpl.compile(QueryTranslatorImpl.java:144)
	at org.hibernate.engine.query.spi.HQLQueryPlan.<init>(HQLQueryPlan.java:112)
	at org.hibernate.engine.query.spi.HQLQueryPlan.<init>(HQLQueryPlan.java:73)
	at org.hibernate.engine.query.spi.QueryPlanCache.getHQLQueryPlan(QueryPlanCache.java:162)
	at org.hibernate.internal.AbstractSharedSessionContract.getQueryPlan(AbstractSharedSessionContract.java:636)
	at org.hibernate.internal.AbstractSharedSessionContract.createQuery(AbstractSharedSessionContract.java:748)
	... 6 more
Caused by: org.hibernate.hql.internal.ast.QuerySyntaxException: Category is not mapped
	at org.hibernate.hql.internal.ast.util.SessionFactoryHelper.requireClassPersister(SessionFactoryHelper.java:170)
	at org.hibernate.hql.internal.ast.tree.FromElementFactory.addFromElement(FromElementFactory.java:91)
	at org.hibernate.hql.internal.ast.tree.FromClause.addFromElement(FromClause.java:77)
	at org.hibernate.hql.internal.ast.HqlSqlWalker.createFromElement(HqlSqlWalker.java:334)
	at org.hibernate.hql.internal.antlr.HqlSqlBaseWalker.fromElement(HqlSqlBaseWalker.java:3782)
	at org.hibernate.hql.internal.antlr.HqlSqlBaseWalker.fromElementList(HqlSqlBaseWalker.java:3671)
	at org.hibernate.hql.internal.antlr.HqlSqlBaseWalker.fromClause(HqlSqlBaseWalker.java:746)
	at org.hibernate.hql.internal.antlr.HqlSqlBaseWalker.query(HqlSqlBaseWalker.java:602)
	at org.hibernate.hql.internal.antlr.HqlSqlBaseWalker.selectStatement(HqlSqlBaseWalker.java:339)
	at org.hibernate.hql.internal.antlr.HqlSqlBaseWalker.statement(HqlSqlBaseWalker.java:287)
	at org.hibernate.hql.internal.ast.QueryTranslatorImpl.analyze(QueryTranslatorImpl.java:276)
	at org.hibernate.hql.internal.ast.QueryTranslatorImpl.doCompile(QueryTranslatorImpl.java:192)
	... 12 more
2025-09-17 12:21:46 ERROR LibraryService:239 - Error adding category: Fiction
java.lang.RuntimeException: Failed to find category by name
	at dao.CategoryDAOImpl.findByName(CategoryDAOImpl.java:32)
	at service.LibraryService.addCategory(LibraryService.java:229)
	at main.LibraryManagementApp.initializeSampleData(LibraryManagementApp.java:52)
	at main.LibraryManagementApp.main(LibraryManagementApp.java:33)
Caused by: java.lang.IllegalArgumentException: org.hibernate.hql.internal.ast.QuerySyntaxException: Category is not mapped [FROM Category c WHERE LOWER(c.name) = LOWER(:name)]
	at org.hibernate.internal.ExceptionConverterImpl.convert(ExceptionConverterImpl.java:138)
	at org.hibernate.internal.ExceptionConverterImpl.convert(ExceptionConverterImpl.java:181)
	at org.hibernate.internal.ExceptionConverterImpl.convert(ExceptionConverterImpl.java:188)
	at org.hibernate.internal.AbstractSharedSessionContract.createQuery(AbstractSharedSessionContract.java:757)
	at org.hibernate.internal.AbstractSharedSessionContract.createQuery(AbstractSharedSessionContract.java:848)
	at org.hibernate.internal.AbstractSharedSessionContract.createQuery(AbstractSharedSessionContract.java:114)
	at dao.CategoryDAOImpl.findByName(CategoryDAOImpl.java:23)
	... 3 more
Caused by: org.hibernate.hql.internal.ast.QuerySyntaxException: Category is not mapped [FROM Category c WHERE LOWER(c.name) = LOWER(:name)]
	at org.hibernate.hql.internal.ast.QuerySyntaxException.generateQueryException(QuerySyntaxException.java:79)
	at org.hibernate.QueryException.wrapWithQueryString(QueryException.java:103)
	at org.hibernate.hql.internal.ast.QueryTranslatorImpl.doCompile(QueryTranslatorImpl.java:220)
	at org.hibernate.hql.internal.ast.QueryTranslatorImpl.compile(QueryTranslatorImpl.java:144)
	at org.hibernate.engine.query.spi.HQLQueryPlan.<init>(HQLQueryPlan.java:112)
	at org.hibernate.engine.query.spi.HQLQueryPlan.<init>(HQLQueryPlan.java:73)
	at org.hibernate.engine.query.spi.QueryPlanCache.getHQLQueryPlan(QueryPlanCache.java:162)
	at org.hibernate.internal.AbstractSharedSessionContract.getQueryPlan(AbstractSharedSessionContract.java:636)
	at org.hibernate.internal.AbstractSharedSessionContract.createQuery(AbstractSharedSessionContract.java:748)
	... 6 more
Caused by: org.hibernate.hql.internal.ast.QuerySyntaxException: Category is not mapped
	at org.hibernate.hql.internal.ast.util.SessionFactoryHelper.requireClassPersister(SessionFactoryHelper.java:170)
	at org.hibernate.hql.internal.ast.tree.FromElementFactory.addFromElement(FromElementFactory.java:91)
	at org.hibernate.hql.internal.ast.tree.FromClause.addFromElement(FromClause.java:77)
	at org.hibernate.hql.internal.ast.HqlSqlWalker.createFromElement(HqlSqlWalker.java:334)
	at org.hibernate.hql.internal.antlr.HqlSqlBaseWalker.fromElement(HqlSqlBaseWalker.java:3782)
	at org.hibernate.hql.internal.antlr.HqlSqlBaseWalker.fromElementList(HqlSqlBaseWalker.java:3671)
	at org.hibernate.hql.internal.antlr.HqlSqlBaseWalker.fromClause(HqlSqlBaseWalker.java:746)
	at org.hibernate.hql.internal.antlr.HqlSqlBaseWalker.query(HqlSqlBaseWalker.java:602)
	at org.hibernate.hql.internal.antlr.HqlSqlBaseWalker.selectStatement(HqlSqlBaseWalker.java:339)
	at org.hibernate.hql.internal.antlr.HqlSqlBaseWalker.statement(HqlSqlBaseWalker.java:287)
	at org.hibernate.hql.internal.ast.QueryTranslatorImpl.analyze(QueryTranslatorImpl.java:276)
	at org.hibernate.hql.internal.ast.QueryTranslatorImpl.doCompile(QueryTranslatorImpl.java:192)
	... 12 more
2025-09-17 12:21:46 ERROR LibraryManagementApp:109 - Error initializing sample data
java.lang.RuntimeException: Failed to add category
	at service.LibraryService.addCategory(LibraryService.java:240)
	at main.LibraryManagementApp.initializeSampleData(LibraryManagementApp.java:52)
	at main.LibraryManagementApp.main(LibraryManagementApp.java:33)
Caused by: java.lang.RuntimeException: Failed to find category by name
	at dao.CategoryDAOImpl.findByName(CategoryDAOImpl.java:32)
	at service.LibraryService.addCategory(LibraryService.java:229)
	... 2 more
Caused by: java.lang.IllegalArgumentException: org.hibernate.hql.internal.ast.QuerySyntaxException: Category is not mapped [FROM Category c WHERE LOWER(c.name) = LOWER(:name)]
	at org.hibernate.internal.ExceptionConverterImpl.convert(ExceptionConverterImpl.java:138)
	at org.hibernate.internal.ExceptionConverterImpl.convert(ExceptionConverterImpl.java:181)
	at org.hibernate.internal.ExceptionConverterImpl.convert(ExceptionConverterImpl.java:188)
	at org.hibernate.internal.AbstractSharedSessionContract.createQuery(AbstractSharedSessionContract.java:757)
	at org.hibernate.internal.AbstractSharedSessionContract.createQuery(AbstractSharedSessionContract.java:848)
	at org.hibernate.internal.AbstractSharedSessionContract.createQuery(AbstractSharedSessionContract.java:114)
	at dao.CategoryDAOImpl.findByName(CategoryDAOImpl.java:23)
	... 3 more
Caused by: org.hibernate.hql.internal.ast.QuerySyntaxException: Category is not mapped [FROM Category c WHERE LOWER(c.name) = LOWER(:name)]
	at org.hibernate.hql.internal.ast.QuerySyntaxException.generateQueryException(QuerySyntaxException.java:79)
	at org.hibernate.QueryException.wrapWithQueryString(QueryException.java:103)
	at org.hibernate.hql.internal.ast.QueryTranslatorImpl.doCompile(QueryTranslatorImpl.java:220)
	at org.hibernate.hql.internal.ast.QueryTranslatorImpl.compile(QueryTranslatorImpl.java:144)
	at org.hibernate.engine.query.spi.HQLQueryPlan.<init>(HQLQueryPlan.java:112)
	at org.hibernate.engine.query.spi.HQLQueryPlan.<init>(HQLQueryPlan.java:73)
	at org.hibernate.engine.query.spi.QueryPlanCache.getHQLQueryPlan(QueryPlanCache.java:162)
	at org.hibernate.internal.AbstractSharedSessionContract.getQueryPlan(AbstractSharedSessionContract.java:636)
	at org.hibernate.internal.AbstractSharedSessionContract.createQuery(AbstractSharedSessionContract.java:748)
	... 6 more
Caused by: org.hibernate.hql.internal.ast.QuerySyntaxException: Category is not mapped
	at org.hibernate.hql.internal.ast.util.SessionFactoryHelper.requireClassPersister(SessionFactoryHelper.java:170)
	at org.hibernate.hql.internal.ast.tree.FromElementFactory.addFromElement(FromElementFactory.java:91)
	at org.hibernate.hql.internal.ast.tree.FromClause.addFromElement(FromClause.java:77)
	at org.hibernate.hql.internal.ast.HqlSqlWalker.createFromElement(HqlSqlWalker.java:334)
	at org.hibernate.hql.internal.antlr.HqlSqlBaseWalker.fromElement(HqlSqlBaseWalker.java:3782)
	at org.hibernate.hql.internal.antlr.HqlSqlBaseWalker.fromElementList(HqlSqlBaseWalker.java:3671)
	at org.hibernate.hql.internal.antlr.HqlSqlBaseWalker.fromClause(HqlSqlBaseWalker.java:746)
	at org.hibernate.hql.internal.antlr.HqlSqlBaseWalker.query(HqlSqlBaseWalker.java:602)
	at org.hibernate.hql.internal.antlr.HqlSqlBaseWalker.selectStatement(HqlSqlBaseWalker.java:339)
	at org.hibernate.hql.internal.antlr.HqlSqlBaseWalker.statement(HqlSqlBaseWalker.java:287)
	at org.hibernate.hql.internal.ast.QueryTranslatorImpl.analyze(QueryTranslatorImpl.java:276)
	at org.hibernate.hql.internal.ast.QueryTranslatorImpl.doCompile(QueryTranslatorImpl.java:192)
	... 12 more
2025-09-17 12:22:48 ERROR BookDAOImpl:197 - Error searching books with keyword: Animal
java.lang.IllegalArgumentException: org.hibernate.hql.internal.ast.QuerySyntaxException: Book is not mapped [FROM Book b WHERE LOWER(b.title) LIKE LOWER(:keyword) OR LOWER(b.description) LIKE LOWER(:keyword) OR LOWER(b.isbn) LIKE LOWER(:keyword)]
	at org.hibernate.internal.ExceptionConverterImpl.convert(ExceptionConverterImpl.java:138)
	at org.hibernate.internal.ExceptionConverterImpl.convert(ExceptionConverterImpl.java:181)
	at org.hibernate.internal.ExceptionConverterImpl.convert(ExceptionConverterImpl.java:188)
	at org.hibernate.internal.AbstractSharedSessionContract.createQuery(AbstractSharedSessionContract.java:757)
	at org.hibernate.internal.AbstractSharedSessionContract.createQuery(AbstractSharedSessionContract.java:848)
	at org.hibernate.internal.AbstractSharedSessionContract.createQuery(AbstractSharedSessionContract.java:114)
	at dao.BookDAOImpl.searchBooks(BookDAOImpl.java:189)
	at service.LibraryService.searchBooks(LibraryService.java:68)
	at main.LibraryManagementApp.searchBooks(LibraryManagementApp.java:182)
	at main.LibraryManagementApp.runInteractiveMenu(LibraryManagementApp.java:121)
	at main.LibraryManagementApp.main(LibraryManagementApp.java:36)
Caused by: org.hibernate.hql.internal.ast.QuerySyntaxException: Book is not mapped [FROM Book b WHERE LOWER(b.title) LIKE LOWER(:keyword) OR LOWER(b.description) LIKE LOWER(:keyword) OR LOWER(b.isbn) LIKE LOWER(:keyword)]
	at org.hibernate.hql.internal.ast.QuerySyntaxException.generateQueryException(QuerySyntaxException.java:79)
	at org.hibernate.QueryException.wrapWithQueryString(QueryException.java:103)
	at org.hibernate.hql.internal.ast.QueryTranslatorImpl.doCompile(QueryTranslatorImpl.java:220)
	at org.hibernate.hql.internal.ast.QueryTranslatorImpl.compile(QueryTranslatorImpl.java:144)
	at org.hibernate.engine.query.spi.HQLQueryPlan.<init>(HQLQueryPlan.java:112)
	at org.hibernate.engine.query.spi.HQLQueryPlan.<init>(HQLQueryPlan.java:73)
	at org.hibernate.engine.query.spi.QueryPlanCache.getHQLQueryPlan(QueryPlanCache.java:162)
	at org.hibernate.internal.AbstractSharedSessionContract.getQueryPlan(AbstractSharedSessionContract.java:636)
	at org.hibernate.internal.AbstractSharedSessionContract.createQuery(AbstractSharedSessionContract.java:748)
	... 7 more
Caused by: org.hibernate.hql.internal.ast.QuerySyntaxException: Book is not mapped
	at org.hibernate.hql.internal.ast.util.SessionFactoryHelper.requireClassPersister(SessionFactoryHelper.java:170)
	at org.hibernate.hql.internal.ast.tree.FromElementFactory.addFromElement(FromElementFactory.java:91)
	at org.hibernate.hql.internal.ast.tree.FromClause.addFromElement(FromClause.java:77)
	at org.hibernate.hql.internal.ast.HqlSqlWalker.createFromElement(HqlSqlWalker.java:334)
	at org.hibernate.hql.internal.antlr.HqlSqlBaseWalker.fromElement(HqlSqlBaseWalker.java:3782)
	at org.hibernate.hql.internal.antlr.HqlSqlBaseWalker.fromElementList(HqlSqlBaseWalker.java:3671)
	at org.hibernate.hql.internal.antlr.HqlSqlBaseWalker.fromClause(HqlSqlBaseWalker.java:746)
	at org.hibernate.hql.internal.antlr.HqlSqlBaseWalker.query(HqlSqlBaseWalker.java:602)
	at org.hibernate.hql.internal.antlr.HqlSqlBaseWalker.selectStatement(HqlSqlBaseWalker.java:339)
	at org.hibernate.hql.internal.antlr.HqlSqlBaseWalker.statement(HqlSqlBaseWalker.java:287)
	at org.hibernate.hql.internal.ast.QueryTranslatorImpl.analyze(QueryTranslatorImpl.java:276)
	at org.hibernate.hql.internal.ast.QueryTranslatorImpl.doCompile(QueryTranslatorImpl.java:192)
	... 13 more
2025-09-17 12:22:48 ERROR LibraryManagementApp:196 - Error in searchBooks
java.lang.RuntimeException: Failed to search books
	at dao.BookDAOImpl.searchBooks(BookDAOImpl.java:198)
	at service.LibraryService.searchBooks(LibraryService.java:68)
	at main.LibraryManagementApp.searchBooks(LibraryManagementApp.java:182)
	at main.LibraryManagementApp.runInteractiveMenu(LibraryManagementApp.java:121)
	at main.LibraryManagementApp.main(LibraryManagementApp.java:36)
Caused by: java.lang.IllegalArgumentException: org.hibernate.hql.internal.ast.QuerySyntaxException: Book is not mapped [FROM Book b WHERE LOWER(b.title) LIKE LOWER(:keyword) OR LOWER(b.description) LIKE LOWER(:keyword) OR LOWER(b.isbn) LIKE LOWER(:keyword)]
	at org.hibernate.internal.ExceptionConverterImpl.convert(ExceptionConverterImpl.java:138)
	at org.hibernate.internal.ExceptionConverterImpl.convert(ExceptionConverterImpl.java:181)
	at org.hibernate.internal.ExceptionConverterImpl.convert(ExceptionConverterImpl.java:188)
	at org.hibernate.internal.AbstractSharedSessionContract.createQuery(AbstractSharedSessionContract.java:757)
	at org.hibernate.internal.AbstractSharedSessionContract.createQuery(AbstractSharedSessionContract.java:848)
	at org.hibernate.internal.AbstractSharedSessionContract.createQuery(AbstractSharedSessionContract.java:114)
	at dao.BookDAOImpl.searchBooks(BookDAOImpl.java:189)
	... 4 more
Caused by: org.hibernate.hql.internal.ast.QuerySyntaxException: Book is not mapped [FROM Book b WHERE LOWER(b.title) LIKE LOWER(:keyword) OR LOWER(b.description) LIKE LOWER(:keyword) OR LOWER(b.isbn) LIKE LOWER(:keyword)]
	at org.hibernate.hql.internal.ast.QuerySyntaxException.generateQueryException(QuerySyntaxException.java:79)
	at org.hibernate.QueryException.wrapWithQueryString(QueryException.java:103)
	at org.hibernate.hql.internal.ast.QueryTranslatorImpl.doCompile(QueryTranslatorImpl.java:220)
	at org.hibernate.hql.internal.ast.QueryTranslatorImpl.compile(QueryTranslatorImpl.java:144)
	at org.hibernate.engine.query.spi.HQLQueryPlan.<init>(HQLQueryPlan.java:112)
	at org.hibernate.engine.query.spi.HQLQueryPlan.<init>(HQLQueryPlan.java:73)
	at org.hibernate.engine.query.spi.QueryPlanCache.getHQLQueryPlan(QueryPlanCache.java:162)
	at org.hibernate.internal.AbstractSharedSessionContract.getQueryPlan(AbstractSharedSessionContract.java:636)
	at org.hibernate.internal.AbstractSharedSessionContract.createQuery(AbstractSharedSessionContract.java:748)
	... 7 more
Caused by: org.hibernate.hql.internal.ast.QuerySyntaxException: Book is not mapped
	at org.hibernate.hql.internal.ast.util.SessionFactoryHelper.requireClassPersister(SessionFactoryHelper.java:170)
	at org.hibernate.hql.internal.ast.tree.FromElementFactory.addFromElement(FromElementFactory.java:91)
	at org.hibernate.hql.internal.ast.tree.FromClause.addFromElement(FromClause.java:77)
	at org.hibernate.hql.internal.ast.HqlSqlWalker.createFromElement(HqlSqlWalker.java:334)
	at org.hibernate.hql.internal.antlr.HqlSqlBaseWalker.fromElement(HqlSqlBaseWalker.java:3782)
	at org.hibernate.hql.internal.antlr.HqlSqlBaseWalker.fromElementList(HqlSqlBaseWalker.java:3671)
	at org.hibernate.hql.internal.antlr.HqlSqlBaseWalker.fromClause(HqlSqlBaseWalker.java:746)
	at org.hibernate.hql.internal.antlr.HqlSqlBaseWalker.query(HqlSqlBaseWalker.java:602)
	at org.hibernate.hql.internal.antlr.HqlSqlBaseWalker.selectStatement(HqlSqlBaseWalker.java:339)
	at org.hibernate.hql.internal.antlr.HqlSqlBaseWalker.statement(HqlSqlBaseWalker.java:287)
	at org.hibernate.hql.internal.ast.QueryTranslatorImpl.analyze(QueryTranslatorImpl.java:276)
	at org.hibernate.hql.internal.ast.QueryTranslatorImpl.doCompile(QueryTranslatorImpl.java:192)
	... 13 more
2025-09-17 12:25:48 INFO  LibraryManagementApp:29 - Starting Library Management System...
2025-09-17 12:25:48 INFO  LibraryManagementApp:48 - Initializing sample data...
2025-09-17 12:25:48 INFO  Version:44 - HHH000412: Hibernate ORM core version 5.6.15.Final
2025-09-17 12:25:49 INFO  Version:56 - HCANN000001: Hibernate Commons Annotations {5.1.2.Final}
2025-09-17 12:25:49 WARN  pooling:75 - HHH10001002: Using Hibernate built-in connection pool (not for production use!)
2025-09-17 12:25:49 INFO  pooling:119 - HHH10001005: using driver [com.mysql.cj.jdbc.Driver] at URL [jdbc:mysql://localhost:3306/library_db?useSSL=false&serverTimezone=UTC]
2025-09-17 12:25:49 INFO  pooling:128 - HHH10001001: Connection properties: {password=****, user=root}
2025-09-17 12:25:49 INFO  pooling:132 - HHH10001003: Autocommit mode: false
2025-09-17 12:25:49 INFO  DriverManagerConnectionProviderImpl:322 - HHH000115: Hibernate connection pool size: 10 (min=1)
2025-09-17 12:25:49 INFO  Dialect:175 - HHH000400: Using dialect: org.hibernate.dialect.MySQL8Dialect
2025-09-17 12:25:49 INFO  access:48 - HHH10001501: Connection obtained from JdbcConnectionAccess [org.hibernate.engine.jdbc.env.internal.JdbcEnvironmentInitiator$ConnectionProviderJdbcConnectionAccess@51e0301d] for (non-JTA) DDL execution was not in auto-commit mode; the Connection 'local transaction' will be committed and the Connection will be set into auto-commit mode.
2025-09-17 12:25:49 INFO  HibernateUtil:26 - Hibernate SessionFactory created successfully
2025-09-17 12:25:49 ERROR CategoryDAOImpl:31 - Error finding category by name: Fiction
java.lang.IllegalArgumentException: org.hibernate.hql.internal.ast.QuerySyntaxException: Category is not mapped [FROM Category c WHERE LOWER(c.name) = LOWER(:name)]
	at org.hibernate.internal.ExceptionConverterImpl.convert(ExceptionConverterImpl.java:138)
	at org.hibernate.internal.ExceptionConverterImpl.convert(ExceptionConverterImpl.java:181)
	at org.hibernate.internal.ExceptionConverterImpl.convert(ExceptionConverterImpl.java:188)
	at org.hibernate.internal.AbstractSharedSessionContract.createQuery(AbstractSharedSessionContract.java:757)
	at org.hibernate.internal.AbstractSharedSessionContract.createQuery(AbstractSharedSessionContract.java:848)
	at org.hibernate.internal.AbstractSharedSessionContract.createQuery(AbstractSharedSessionContract.java:114)
	at dao.CategoryDAOImpl.findByName(CategoryDAOImpl.java:23)
	at service.LibraryService.addCategory(LibraryService.java:229)
	at main.LibraryManagementApp.initializeSampleData(LibraryManagementApp.java:52)
	at main.LibraryManagementApp.main(LibraryManagementApp.java:33)
Caused by: org.hibernate.hql.internal.ast.QuerySyntaxException: Category is not mapped [FROM Category c WHERE LOWER(c.name) = LOWER(:name)]
	at org.hibernate.hql.internal.ast.QuerySyntaxException.generateQueryException(QuerySyntaxException.java:79)
	at org.hibernate.QueryException.wrapWithQueryString(QueryException.java:103)
	at org.hibernate.hql.internal.ast.QueryTranslatorImpl.doCompile(QueryTranslatorImpl.java:220)
	at org.hibernate.hql.internal.ast.QueryTranslatorImpl.compile(QueryTranslatorImpl.java:144)
	at org.hibernate.engine.query.spi.HQLQueryPlan.<init>(HQLQueryPlan.java:112)
	at org.hibernate.engine.query.spi.HQLQueryPlan.<init>(HQLQueryPlan.java:73)
	at org.hibernate.engine.query.spi.QueryPlanCache.getHQLQueryPlan(QueryPlanCache.java:162)
	at org.hibernate.internal.AbstractSharedSessionContract.getQueryPlan(AbstractSharedSessionContract.java:636)
	at org.hibernate.internal.AbstractSharedSessionContract.createQuery(AbstractSharedSessionContract.java:748)
	... 6 more
Caused by: org.hibernate.hql.internal.ast.QuerySyntaxException: Category is not mapped
	at org.hibernate.hql.internal.ast.util.SessionFactoryHelper.requireClassPersister(SessionFactoryHelper.java:170)
	at org.hibernate.hql.internal.ast.tree.FromElementFactory.addFromElement(FromElementFactory.java:91)
	at org.hibernate.hql.internal.ast.tree.FromClause.addFromElement(FromClause.java:77)
	at org.hibernate.hql.internal.ast.HqlSqlWalker.createFromElement(HqlSqlWalker.java:334)
	at org.hibernate.hql.internal.antlr.HqlSqlBaseWalker.fromElement(HqlSqlBaseWalker.java:3782)
	at org.hibernate.hql.internal.antlr.HqlSqlBaseWalker.fromElementList(HqlSqlBaseWalker.java:3671)
	at org.hibernate.hql.internal.antlr.HqlSqlBaseWalker.fromClause(HqlSqlBaseWalker.java:746)
	at org.hibernate.hql.internal.antlr.HqlSqlBaseWalker.query(HqlSqlBaseWalker.java:602)
	at org.hibernate.hql.internal.antlr.HqlSqlBaseWalker.selectStatement(HqlSqlBaseWalker.java:339)
	at org.hibernate.hql.internal.antlr.HqlSqlBaseWalker.statement(HqlSqlBaseWalker.java:287)
	at org.hibernate.hql.internal.ast.QueryTranslatorImpl.analyze(QueryTranslatorImpl.java:276)
	at org.hibernate.hql.internal.ast.QueryTranslatorImpl.doCompile(QueryTranslatorImpl.java:192)
	... 12 more
2025-09-17 12:25:49 ERROR LibraryService:239 - Error adding category: Fiction
java.lang.RuntimeException: Failed to find category by name
	at dao.CategoryDAOImpl.findByName(CategoryDAOImpl.java:32)
	at service.LibraryService.addCategory(LibraryService.java:229)
	at main.LibraryManagementApp.initializeSampleData(LibraryManagementApp.java:52)
	at main.LibraryManagementApp.main(LibraryManagementApp.java:33)
Caused by: java.lang.IllegalArgumentException: org.hibernate.hql.internal.ast.QuerySyntaxException: Category is not mapped [FROM Category c WHERE LOWER(c.name) = LOWER(:name)]
	at org.hibernate.internal.ExceptionConverterImpl.convert(ExceptionConverterImpl.java:138)
	at org.hibernate.internal.ExceptionConverterImpl.convert(ExceptionConverterImpl.java:181)
	at org.hibernate.internal.ExceptionConverterImpl.convert(ExceptionConverterImpl.java:188)
	at org.hibernate.internal.AbstractSharedSessionContract.createQuery(AbstractSharedSessionContract.java:757)
	at org.hibernate.internal.AbstractSharedSessionContract.createQuery(AbstractSharedSessionContract.java:848)
	at org.hibernate.internal.AbstractSharedSessionContract.createQuery(AbstractSharedSessionContract.java:114)
	at dao.CategoryDAOImpl.findByName(CategoryDAOImpl.java:23)
	... 3 more
Caused by: org.hibernate.hql.internal.ast.QuerySyntaxException: Category is not mapped [FROM Category c WHERE LOWER(c.name) = LOWER(:name)]
	at org.hibernate.hql.internal.ast.QuerySyntaxException.generateQueryException(QuerySyntaxException.java:79)
	at org.hibernate.QueryException.wrapWithQueryString(QueryException.java:103)
	at org.hibernate.hql.internal.ast.QueryTranslatorImpl.doCompile(QueryTranslatorImpl.java:220)
	at org.hibernate.hql.internal.ast.QueryTranslatorImpl.compile(QueryTranslatorImpl.java:144)
	at org.hibernate.engine.query.spi.HQLQueryPlan.<init>(HQLQueryPlan.java:112)
	at org.hibernate.engine.query.spi.HQLQueryPlan.<init>(HQLQueryPlan.java:73)
	at org.hibernate.engine.query.spi.QueryPlanCache.getHQLQueryPlan(QueryPlanCache.java:162)
	at org.hibernate.internal.AbstractSharedSessionContract.getQueryPlan(AbstractSharedSessionContract.java:636)
	at org.hibernate.internal.AbstractSharedSessionContract.createQuery(AbstractSharedSessionContract.java:748)
	... 6 more
Caused by: org.hibernate.hql.internal.ast.QuerySyntaxException: Category is not mapped
	at org.hibernate.hql.internal.ast.util.SessionFactoryHelper.requireClassPersister(SessionFactoryHelper.java:170)
	at org.hibernate.hql.internal.ast.tree.FromElementFactory.addFromElement(FromElementFactory.java:91)
	at org.hibernate.hql.internal.ast.tree.FromClause.addFromElement(FromClause.java:77)
	at org.hibernate.hql.internal.ast.HqlSqlWalker.createFromElement(HqlSqlWalker.java:334)
	at org.hibernate.hql.internal.antlr.HqlSqlBaseWalker.fromElement(HqlSqlBaseWalker.java:3782)
	at org.hibernate.hql.internal.antlr.HqlSqlBaseWalker.fromElementList(HqlSqlBaseWalker.java:3671)
	at org.hibernate.hql.internal.antlr.HqlSqlBaseWalker.fromClause(HqlSqlBaseWalker.java:746)
	at org.hibernate.hql.internal.antlr.HqlSqlBaseWalker.query(HqlSqlBaseWalker.java:602)
	at org.hibernate.hql.internal.antlr.HqlSqlBaseWalker.selectStatement(HqlSqlBaseWalker.java:339)
	at org.hibernate.hql.internal.antlr.HqlSqlBaseWalker.statement(HqlSqlBaseWalker.java:287)
	at org.hibernate.hql.internal.ast.QueryTranslatorImpl.analyze(QueryTranslatorImpl.java:276)
	at org.hibernate.hql.internal.ast.QueryTranslatorImpl.doCompile(QueryTranslatorImpl.java:192)
	... 12 more
2025-09-17 12:25:49 ERROR LibraryManagementApp:109 - Error initializing sample data
java.lang.RuntimeException: Failed to add category
	at service.LibraryService.addCategory(LibraryService.java:240)
	at main.LibraryManagementApp.initializeSampleData(LibraryManagementApp.java:52)
	at main.LibraryManagementApp.main(LibraryManagementApp.java:33)
Caused by: java.lang.RuntimeException: Failed to find category by name
	at dao.CategoryDAOImpl.findByName(CategoryDAOImpl.java:32)
	at service.LibraryService.addCategory(LibraryService.java:229)
	... 2 more
Caused by: java.lang.IllegalArgumentException: org.hibernate.hql.internal.ast.QuerySyntaxException: Category is not mapped [FROM Category c WHERE LOWER(c.name) = LOWER(:name)]
	at org.hibernate.internal.ExceptionConverterImpl.convert(ExceptionConverterImpl.java:138)
	at org.hibernate.internal.ExceptionConverterImpl.convert(ExceptionConverterImpl.java:181)
	at org.hibernate.internal.ExceptionConverterImpl.convert(ExceptionConverterImpl.java:188)
	at org.hibernate.internal.AbstractSharedSessionContract.createQuery(AbstractSharedSessionContract.java:757)
	at org.hibernate.internal.AbstractSharedSessionContract.createQuery(AbstractSharedSessionContract.java:848)
	at org.hibernate.internal.AbstractSharedSessionContract.createQuery(AbstractSharedSessionContract.java:114)
	at dao.CategoryDAOImpl.findByName(CategoryDAOImpl.java:23)
	... 3 more
Caused by: org.hibernate.hql.internal.ast.QuerySyntaxException: Category is not mapped [FROM Category c WHERE LOWER(c.name) = LOWER(:name)]
	at org.hibernate.hql.internal.ast.QuerySyntaxException.generateQueryException(QuerySyntaxException.java:79)
	at org.hibernate.QueryException.wrapWithQueryString(QueryException.java:103)
	at org.hibernate.hql.internal.ast.QueryTranslatorImpl.doCompile(QueryTranslatorImpl.java:220)
	at org.hibernate.hql.internal.ast.QueryTranslatorImpl.compile(QueryTranslatorImpl.java:144)
	at org.hibernate.engine.query.spi.HQLQueryPlan.<init>(HQLQueryPlan.java:112)
	at org.hibernate.engine.query.spi.HQLQueryPlan.<init>(HQLQueryPlan.java:73)
	at org.hibernate.engine.query.spi.QueryPlanCache.getHQLQueryPlan(QueryPlanCache.java:162)
	at org.hibernate.internal.AbstractSharedSessionContract.getQueryPlan(AbstractSharedSessionContract.java:636)
	at org.hibernate.internal.AbstractSharedSessionContract.createQuery(AbstractSharedSessionContract.java:748)
	... 6 more
Caused by: org.hibernate.hql.internal.ast.QuerySyntaxException: Category is not mapped
	at org.hibernate.hql.internal.ast.util.SessionFactoryHelper.requireClassPersister(SessionFactoryHelper.java:170)
	at org.hibernate.hql.internal.ast.tree.FromElementFactory.addFromElement(FromElementFactory.java:91)
	at org.hibernate.hql.internal.ast.tree.FromClause.addFromElement(FromClause.java:77)
	at org.hibernate.hql.internal.ast.HqlSqlWalker.createFromElement(HqlSqlWalker.java:334)
	at org.hibernate.hql.internal.antlr.HqlSqlBaseWalker.fromElement(HqlSqlBaseWalker.java:3782)
	at org.hibernate.hql.internal.antlr.HqlSqlBaseWalker.fromElementList(HqlSqlBaseWalker.java:3671)
	at org.hibernate.hql.internal.antlr.HqlSqlBaseWalker.fromClause(HqlSqlBaseWalker.java:746)
	at org.hibernate.hql.internal.antlr.HqlSqlBaseWalker.query(HqlSqlBaseWalker.java:602)
	at org.hibernate.hql.internal.antlr.HqlSqlBaseWalker.selectStatement(HqlSqlBaseWalker.java:339)
	at org.hibernate.hql.internal.antlr.HqlSqlBaseWalker.statement(HqlSqlBaseWalker.java:287)
	at org.hibernate.hql.internal.ast.QueryTranslatorImpl.analyze(QueryTranslatorImpl.java:276)
	at org.hibernate.hql.internal.ast.QueryTranslatorImpl.doCompile(QueryTranslatorImpl.java:192)
	... 12 more
2025-09-17 12:26:00 ERROR BookDAOImpl:197 - Error searching books with keyword: Animal
java.lang.IllegalArgumentException: org.hibernate.hql.internal.ast.QuerySyntaxException: Book is not mapped [FROM Book b WHERE LOWER(b.title) LIKE LOWER(:keyword) OR LOWER(b.description) LIKE LOWER(:keyword) OR LOWER(b.isbn) LIKE LOWER(:keyword)]
	at org.hibernate.internal.ExceptionConverterImpl.convert(ExceptionConverterImpl.java:138)
	at org.hibernate.internal.ExceptionConverterImpl.convert(ExceptionConverterImpl.java:181)
	at org.hibernate.internal.ExceptionConverterImpl.convert(ExceptionConverterImpl.java:188)
	at org.hibernate.internal.AbstractSharedSessionContract.createQuery(AbstractSharedSessionContract.java:757)
	at org.hibernate.internal.AbstractSharedSessionContract.createQuery(AbstractSharedSessionContract.java:848)
	at org.hibernate.internal.AbstractSharedSessionContract.createQuery(AbstractSharedSessionContract.java:114)
	at dao.BookDAOImpl.searchBooks(BookDAOImpl.java:189)
	at service.LibraryService.searchBooks(LibraryService.java:68)
	at main.LibraryManagementApp.searchBooks(LibraryManagementApp.java:182)
	at main.LibraryManagementApp.runInteractiveMenu(LibraryManagementApp.java:121)
	at main.LibraryManagementApp.main(LibraryManagementApp.java:36)
Caused by: org.hibernate.hql.internal.ast.QuerySyntaxException: Book is not mapped [FROM Book b WHERE LOWER(b.title) LIKE LOWER(:keyword) OR LOWER(b.description) LIKE LOWER(:keyword) OR LOWER(b.isbn) LIKE LOWER(:keyword)]
	at org.hibernate.hql.internal.ast.QuerySyntaxException.generateQueryException(QuerySyntaxException.java:79)
	at org.hibernate.QueryException.wrapWithQueryString(QueryException.java:103)
	at org.hibernate.hql.internal.ast.QueryTranslatorImpl.doCompile(QueryTranslatorImpl.java:220)
	at org.hibernate.hql.internal.ast.QueryTranslatorImpl.compile(QueryTranslatorImpl.java:144)
	at org.hibernate.engine.query.spi.HQLQueryPlan.<init>(HQLQueryPlan.java:112)
	at org.hibernate.engine.query.spi.HQLQueryPlan.<init>(HQLQueryPlan.java:73)
	at org.hibernate.engine.query.spi.QueryPlanCache.getHQLQueryPlan(QueryPlanCache.java:162)
	at org.hibernate.internal.AbstractSharedSessionContract.getQueryPlan(AbstractSharedSessionContract.java:636)
	at org.hibernate.internal.AbstractSharedSessionContract.createQuery(AbstractSharedSessionContract.java:748)
	... 7 more
Caused by: org.hibernate.hql.internal.ast.QuerySyntaxException: Book is not mapped
	at org.hibernate.hql.internal.ast.util.SessionFactoryHelper.requireClassPersister(SessionFactoryHelper.java:170)
	at org.hibernate.hql.internal.ast.tree.FromElementFactory.addFromElement(FromElementFactory.java:91)
	at org.hibernate.hql.internal.ast.tree.FromClause.addFromElement(FromClause.java:77)
	at org.hibernate.hql.internal.ast.HqlSqlWalker.createFromElement(HqlSqlWalker.java:334)
	at org.hibernate.hql.internal.antlr.HqlSqlBaseWalker.fromElement(HqlSqlBaseWalker.java:3782)
	at org.hibernate.hql.internal.antlr.HqlSqlBaseWalker.fromElementList(HqlSqlBaseWalker.java:3671)
	at org.hibernate.hql.internal.antlr.HqlSqlBaseWalker.fromClause(HqlSqlBaseWalker.java:746)
	at org.hibernate.hql.internal.antlr.HqlSqlBaseWalker.query(HqlSqlBaseWalker.java:602)
	at org.hibernate.hql.internal.antlr.HqlSqlBaseWalker.selectStatement(HqlSqlBaseWalker.java:339)
	at org.hibernate.hql.internal.antlr.HqlSqlBaseWalker.statement(HqlSqlBaseWalker.java:287)
	at org.hibernate.hql.internal.ast.QueryTranslatorImpl.analyze(QueryTranslatorImpl.java:276)
	at org.hibernate.hql.internal.ast.QueryTranslatorImpl.doCompile(QueryTranslatorImpl.java:192)
	... 13 more
2025-09-17 12:26:00 ERROR LibraryManagementApp:196 - Error in searchBooks
java.lang.RuntimeException: Failed to search books
	at dao.BookDAOImpl.searchBooks(BookDAOImpl.java:198)
	at service.LibraryService.searchBooks(LibraryService.java:68)
	at main.LibraryManagementApp.searchBooks(LibraryManagementApp.java:182)
	at main.LibraryManagementApp.runInteractiveMenu(LibraryManagementApp.java:121)
	at main.LibraryManagementApp.main(LibraryManagementApp.java:36)
Caused by: java.lang.IllegalArgumentException: org.hibernate.hql.internal.ast.QuerySyntaxException: Book is not mapped [FROM Book b WHERE LOWER(b.title) LIKE LOWER(:keyword) OR LOWER(b.description) LIKE LOWER(:keyword) OR LOWER(b.isbn) LIKE LOWER(:keyword)]
	at org.hibernate.internal.ExceptionConverterImpl.convert(ExceptionConverterImpl.java:138)
	at org.hibernate.internal.ExceptionConverterImpl.convert(ExceptionConverterImpl.java:181)
	at org.hibernate.internal.ExceptionConverterImpl.convert(ExceptionConverterImpl.java:188)
	at org.hibernate.internal.AbstractSharedSessionContract.createQuery(AbstractSharedSessionContract.java:757)
	at org.hibernate.internal.AbstractSharedSessionContract.createQuery(AbstractSharedSessionContract.java:848)
	at org.hibernate.internal.AbstractSharedSessionContract.createQuery(AbstractSharedSessionContract.java:114)
	at dao.BookDAOImpl.searchBooks(BookDAOImpl.java:189)
	... 4 more
Caused by: org.hibernate.hql.internal.ast.QuerySyntaxException: Book is not mapped [FROM Book b WHERE LOWER(b.title) LIKE LOWER(:keyword) OR LOWER(b.description) LIKE LOWER(:keyword) OR LOWER(b.isbn) LIKE LOWER(:keyword)]
	at org.hibernate.hql.internal.ast.QuerySyntaxException.generateQueryException(QuerySyntaxException.java:79)
	at org.hibernate.QueryException.wrapWithQueryString(QueryException.java:103)
	at org.hibernate.hql.internal.ast.QueryTranslatorImpl.doCompile(QueryTranslatorImpl.java:220)
	at org.hibernate.hql.internal.ast.QueryTranslatorImpl.compile(QueryTranslatorImpl.java:144)
	at org.hibernate.engine.query.spi.HQLQueryPlan.<init>(HQLQueryPlan.java:112)
	at org.hibernate.engine.query.spi.HQLQueryPlan.<init>(HQLQueryPlan.java:73)
	at org.hibernate.engine.query.spi.QueryPlanCache.getHQLQueryPlan(QueryPlanCache.java:162)
	at org.hibernate.internal.AbstractSharedSessionContract.getQueryPlan(AbstractSharedSessionContract.java:636)
	at org.hibernate.internal.AbstractSharedSessionContract.createQuery(AbstractSharedSessionContract.java:748)
	... 7 more
Caused by: org.hibernate.hql.internal.ast.QuerySyntaxException: Book is not mapped
	at org.hibernate.hql.internal.ast.util.SessionFactoryHelper.requireClassPersister(SessionFactoryHelper.java:170)
	at org.hibernate.hql.internal.ast.tree.FromElementFactory.addFromElement(FromElementFactory.java:91)
	at org.hibernate.hql.internal.ast.tree.FromClause.addFromElement(FromClause.java:77)
	at org.hibernate.hql.internal.ast.HqlSqlWalker.createFromElement(HqlSqlWalker.java:334)
	at org.hibernate.hql.internal.antlr.HqlSqlBaseWalker.fromElement(HqlSqlBaseWalker.java:3782)
	at org.hibernate.hql.internal.antlr.HqlSqlBaseWalker.fromElementList(HqlSqlBaseWalker.java:3671)
	at org.hibernate.hql.internal.antlr.HqlSqlBaseWalker.fromClause(HqlSqlBaseWalker.java:746)
	at org.hibernate.hql.internal.antlr.HqlSqlBaseWalker.query(HqlSqlBaseWalker.java:602)
	at org.hibernate.hql.internal.antlr.HqlSqlBaseWalker.selectStatement(HqlSqlBaseWalker.java:339)
	at org.hibernate.hql.internal.antlr.HqlSqlBaseWalker.statement(HqlSqlBaseWalker.java:287)
	at org.hibernate.hql.internal.ast.QueryTranslatorImpl.analyze(QueryTranslatorImpl.java:276)
	at org.hibernate.hql.internal.ast.QueryTranslatorImpl.doCompile(QueryTranslatorImpl.java:192)
	... 13 more
2025-09-17 12:43:30 INFO  LibraryManagementApp:29 - Starting Library Management System...
2025-09-17 12:43:30 INFO  LibraryManagementApp:48 - Initializing sample data...
2025-09-17 12:43:31 INFO  Version:44 - HHH000412: Hibernate ORM core version 5.6.15.Final
2025-09-17 12:43:31 INFO  Version:56 - HCANN000001: Hibernate Commons Annotations {5.1.2.Final}
2025-09-17 12:43:31 WARN  pooling:75 - HHH10001002: Using Hibernate built-in connection pool (not for production use!)
2025-09-17 12:43:31 INFO  pooling:119 - HHH10001005: using driver [com.mysql.cj.jdbc.Driver] at URL [jdbc:mysql://localhost:3306/library_db?useSSL=false&serverTimezone=UTC]
2025-09-17 12:43:31 INFO  pooling:128 - HHH10001001: Connection properties: {password=****, user=root}
2025-09-17 12:43:31 INFO  pooling:132 - HHH10001003: Autocommit mode: false
2025-09-17 12:43:31 INFO  DriverManagerConnectionProviderImpl:322 - HHH000115: Hibernate connection pool size: 10 (min=1)
2025-09-17 12:43:31 INFO  Dialect:175 - HHH000400: Using dialect: org.hibernate.dialect.MySQL8Dialect
2025-09-17 12:43:32 INFO  access:48 - HHH10001501: Connection obtained from JdbcConnectionAccess [org.hibernate.engine.jdbc.env.internal.JdbcEnvironmentInitiator$ConnectionProviderJdbcConnectionAccess@7cf78c85] for (non-JTA) DDL execution was not in auto-commit mode; the Connection 'local transaction' will be committed and the Connection will be set into auto-commit mode.
2025-09-17 12:43:32 INFO  HibernateUtil:30 - Hibernate SessionFactory created successfully
2025-09-17 12:43:32 DEBUG SQL:144 - 
    /* 
FROM
    Category c 
WHERE
    LOWER(c.name) = LOWER(:name) */ select
        category0_.category_id as category1_3_,
        category0_.description as descript2_3_,
        category0_.is_active as is_activ3_3_,
        category0_.name as name4_3_ 
    from
        categories category0_ 
    where
        lower(category0_.name)=lower(?)
2025-09-17 12:43:32 TRACE BasicBinder:64 - binding parameter [1] as [VARCHAR] - [Fiction]
2025-09-17 12:43:32 ERROR LibraryService:239 - Error adding category: Fiction
java.lang.IllegalArgumentException: Category already exists: Fiction
	at service.LibraryService.addCategory(LibraryService.java:230)
	at main.LibraryManagementApp.initializeSampleData(LibraryManagementApp.java:52)
	at main.LibraryManagementApp.main(LibraryManagementApp.java:33)
2025-09-17 12:43:32 ERROR LibraryManagementApp:109 - Error initializing sample data
java.lang.RuntimeException: Failed to add category
	at service.LibraryService.addCategory(LibraryService.java:240)
	at main.LibraryManagementApp.initializeSampleData(LibraryManagementApp.java:52)
	at main.LibraryManagementApp.main(LibraryManagementApp.java:33)
Caused by: java.lang.IllegalArgumentException: Category already exists: Fiction
	at service.LibraryService.addCategory(LibraryService.java:230)
	... 2 more
2025-09-17 12:43:48 DEBUG SQL:144 - 
    /* 
FROM
    Book b 
WHERE
    LOWER(b.title) LIKE LOWER(:keyword) 
    OR LOWER(b.description) LIKE LOWER(:keyword) 
    OR LOWER(b.isbn) LIKE LOWER(:keyword) */ select
        book0_.book_id as book_id1_1_,
        book0_.author_id as author_i9_1_,
        book0_.category_id as categor10_1_,
        book0_.description as descript2_1_,
        book0_.isbn as isbn3_1_,
        book0_.pages as pages4_1_,
        book0_.price as price5_1_,
        book0_.publication_date as publicat6_1_,
        book0_.status as status7_1_,
        book0_.title as title8_1_ 
    from
        books book0_ 
    where
        lower(book0_.title) like lower(?) 
        or lower(book0_.description) like lower(?) 
        or lower(book0_.isbn) like lower(?)
2025-09-17 12:43:48 TRACE BasicBinder:64 - binding parameter [1] as [VARCHAR] - [%Animal%]
2025-09-17 12:43:48 TRACE BasicBinder:64 - binding parameter [2] as [VARCHAR] - [%Animal%]
2025-09-17 12:43:48 TRACE BasicBinder:64 - binding parameter [3] as [VARCHAR] - [%Animal%]
2025-09-17 12:43:48 ERROR LibraryManagementApp:196 - Error in searchBooks
org.hibernate.LazyInitializationException: could not initialize proxy [entity.Author#1] - no Session
	at org.hibernate.proxy.AbstractLazyInitializer.initialize(AbstractLazyInitializer.java:176)
	at org.hibernate.proxy.AbstractLazyInitializer.getImplementation(AbstractLazyInitializer.java:322)
	at org.hibernate.proxy.pojo.bytebuddy.ByteBuddyInterceptor.intercept(ByteBuddyInterceptor.java:45)
	at org.hibernate.proxy.ProxyConfiguration$InterceptorDispatcher.intercept(ProxyConfiguration.java:95)
	at entity.Author$HibernateProxy$IysxQYJ1.getFullName(Unknown Source)
	at main.LibraryManagementApp.displayBookInfo(LibraryManagementApp.java:382)
	at main.LibraryManagementApp.searchBooks(LibraryManagementApp.java:190)
	at main.LibraryManagementApp.runInteractiveMenu(LibraryManagementApp.java:121)
	at main.LibraryManagementApp.main(LibraryManagementApp.java:36)
2025-09-17 13:10:11 INFO  LibraryManagementApp:29 - Starting Library Management System...
2025-09-17 13:10:11 INFO  LibraryManagementApp:48 - Initializing sample data...
2025-09-17 13:10:11 INFO  Version:44 - HHH000412: Hibernate ORM core version 5.6.15.Final
2025-09-17 13:10:12 INFO  Version:56 - HCANN000001: Hibernate Commons Annotations {5.1.2.Final}
2025-09-17 13:10:12 WARN  pooling:75 - HHH10001002: Using Hibernate built-in connection pool (not for production use!)
2025-09-17 13:10:12 INFO  pooling:119 - HHH10001005: using driver [com.mysql.cj.jdbc.Driver] at URL [jdbc:mysql://localhost:3306/library_db?useSSL=false&serverTimezone=UTC]
2025-09-17 13:10:12 INFO  pooling:128 - HHH10001001: Connection properties: {password=****, user=root}
2025-09-17 13:10:12 INFO  pooling:132 - HHH10001003: Autocommit mode: false
2025-09-17 13:10:12 INFO  DriverManagerConnectionProviderImpl:322 - HHH000115: Hibernate connection pool size: 10 (min=1)
2025-09-17 13:10:12 INFO  Dialect:175 - HHH000400: Using dialect: org.hibernate.dialect.MySQL8Dialect
2025-09-17 13:10:12 INFO  access:48 - HHH10001501: Connection obtained from JdbcConnectionAccess [org.hibernate.engine.jdbc.env.internal.JdbcEnvironmentInitiator$ConnectionProviderJdbcConnectionAccess@7cf78c85] for (non-JTA) DDL execution was not in auto-commit mode; the Connection 'local transaction' will be committed and the Connection will be set into auto-commit mode.
2025-09-17 13:10:13 INFO  HibernateUtil:30 - Hibernate SessionFactory created successfully
2025-09-17 13:10:13 DEBUG SQL:144 - 
    /* 
FROM
    Category c 
WHERE
    LOWER(c.name) = LOWER(:name) */ select
        category0_.category_id as category1_3_,
        category0_.description as descript2_3_,
        category0_.is_active as is_activ3_3_,
        category0_.name as name4_3_ 
    from
        categories category0_ 
    where
        lower(category0_.name)=lower(?)
2025-09-17 13:10:13 TRACE BasicBinder:64 - binding parameter [1] as [VARCHAR] - [Fiction]
2025-09-17 13:10:13 ERROR LibraryService:239 - Error adding category: Fiction
java.lang.IllegalArgumentException: Category already exists: Fiction
	at service.LibraryService.addCategory(LibraryService.java:230)
	at main.LibraryManagementApp.initializeSampleData(LibraryManagementApp.java:52)
	at main.LibraryManagementApp.main(LibraryManagementApp.java:33)
2025-09-17 13:10:13 ERROR LibraryManagementApp:109 - Error initializing sample data
java.lang.RuntimeException: Failed to add category
	at service.LibraryService.addCategory(LibraryService.java:240)
	at main.LibraryManagementApp.initializeSampleData(LibraryManagementApp.java:52)
	at main.LibraryManagementApp.main(LibraryManagementApp.java:33)
Caused by: java.lang.IllegalArgumentException: Category already exists: Fiction
	at service.LibraryService.addCategory(LibraryService.java:230)
	... 2 more
2025-09-17 13:10:23 DEBUG SQL:144 - 
    /* 
FROM
    Book b 
LEFT JOIN
    FETCH b.author 
LEFT JOIN
    FETCH b.category 
WHERE
    LOWER(b.title) LIKE LOWER(:keyword) 
    OR LOWER(b.description) LIKE LOWER(:keyword) 
    OR LOWER(b.isbn) LIKE LOWER(:keyword) */ select
        book0_.book_id as book_id1_1_0_,
        author1_.author_id as author_i1_0_1_,
        category2_.category_id as category1_3_2_,
        book0_.author_id as author_i9_1_0_,
        book0_.category_id as categor10_1_0_,
        book0_.description as descript2_1_0_,
        book0_.isbn as isbn3_1_0_,
        book0_.pages as pages4_1_0_,
        book0_.price as price5_1_0_,
        book0_.publication_date as publicat6_1_0_,
        book0_.status as status7_1_0_,
        book0_.title as title8_1_0_,
        author1_.biography as biograph2_0_1_,
        author1_.birth_date as birth_da3_0_1_,
        author1_.email as email4_0_1_,
        author1_.first_name as first_na5_0_1_,
        author1_.is_active as is_activ6_0_1_,
        author1_.last_name as last_nam7_0_1_,
        author1_.nationality as national8_0_1_,
        category2_.description as descript2_3_2_,
        category2_.is_active as is_activ3_3_2_,
        category2_.name as name4_3_2_ 
    from
        books book0_ 
    left outer join
        authors author1_ 
            on book0_.author_id=author1_.author_id 
    left outer join
        categories category2_ 
            on book0_.category_id=category2_.category_id 
    where
        lower(book0_.title) like lower(?) 
        or lower(book0_.description) like lower(?) 
        or lower(book0_.isbn) like lower(?)
2025-09-17 13:10:23 TRACE BasicBinder:64 - binding parameter [1] as [VARCHAR] - [%Animal%]
2025-09-17 13:10:23 TRACE BasicBinder:64 - binding parameter [2] as [VARCHAR] - [%Animal%]
2025-09-17 13:10:23 TRACE BasicBinder:64 - binding parameter [3] as [VARCHAR] - [%Animal%]
2025-09-17 15:42:08 DEBUG SQL:144 - 
    /* select
        generatedAlias0 
    from
        Book as generatedAlias0 
    where
        generatedAlias0.status=:param0 */ select
            book0_.book_id as book_id1_1_,
            book0_.author_id as author_i9_1_,
            book0_.category_id as categor10_1_,
            book0_.description as descript2_1_,
            book0_.isbn as isbn3_1_,
            book0_.pages as pages4_1_,
            book0_.price as price5_1_,
            book0_.publication_date as publicat6_1_,
            book0_.status as status7_1_,
            book0_.title as title8_1_ 
        from
            books book0_ 
        where
            book0_.status=?
2025-09-17 15:42:08 TRACE BasicBinder:64 - binding parameter [1] as [VARCHAR] - [AVAILABLE]
2025-09-17 15:42:08 ERROR LibraryManagementApp:216 - Error in displayAvailableBooks
org.hibernate.LazyInitializationException: could not initialize proxy [entity.Author#1] - no Session
	at org.hibernate.proxy.AbstractLazyInitializer.initialize(AbstractLazyInitializer.java:176)
	at org.hibernate.proxy.AbstractLazyInitializer.getImplementation(AbstractLazyInitializer.java:322)
	at org.hibernate.proxy.pojo.bytebuddy.ByteBuddyInterceptor.intercept(ByteBuddyInterceptor.java:45)
	at org.hibernate.proxy.ProxyConfiguration$InterceptorDispatcher.intercept(ProxyConfiguration.java:95)
	at entity.Author$HibernateProxy$KrRRGqA6.getFullName(Unknown Source)
	at main.LibraryManagementApp.displayBookInfo(LibraryManagementApp.java:382)
	at main.LibraryManagementApp.displayAvailableBooks(LibraryManagementApp.java:210)
	at main.LibraryManagementApp.runInteractiveMenu(LibraryManagementApp.java:124)
	at main.LibraryManagementApp.main(LibraryManagementApp.java:36)
2025-09-17 16:15:18 INFO  LibraryManagementApp:30 - Starting Library Management System...
2025-09-17 16:15:18 INFO  LibraryManagementApp:49 - Initializing sample data...
2025-09-17 16:15:18 INFO  Version:44 - HHH000412: Hibernate ORM core version 5.6.15.Final
2025-09-17 16:15:18 INFO  Version:56 - HCANN000001: Hibernate Commons Annotations {5.1.2.Final}
2025-09-17 16:15:18 WARN  pooling:75 - HHH10001002: Using Hibernate built-in connection pool (not for production use!)
2025-09-17 16:15:18 INFO  pooling:119 - HHH10001005: using driver [com.mysql.cj.jdbc.Driver] at URL [jdbc:mysql://localhost:3306/library_db?useSSL=false&serverTimezone=UTC]
2025-09-17 16:15:18 INFO  pooling:128 - HHH10001001: Connection properties: {password=****, user=root}
2025-09-17 16:15:18 INFO  pooling:132 - HHH10001003: Autocommit mode: false
2025-09-17 16:15:18 INFO  DriverManagerConnectionProviderImpl:322 - HHH000115: Hibernate connection pool size: 10 (min=1)
2025-09-17 16:15:18 INFO  Dialect:175 - HHH000400: Using dialect: org.hibernate.dialect.MySQL8Dialect
2025-09-17 16:15:19 INFO  access:48 - HHH10001501: Connection obtained from JdbcConnectionAccess [org.hibernate.engine.jdbc.env.internal.JdbcEnvironmentInitiator$ConnectionProviderJdbcConnectionAccess@7cf78c85] for (non-JTA) DDL execution was not in auto-commit mode; the Connection 'local transaction' will be committed and the Connection will be set into auto-commit mode.
2025-09-17 16:15:19 INFO  HibernateUtil:30 - Hibernate SessionFactory created successfully
2025-09-17 16:15:19 DEBUG SQL:144 - 
    /* 
FROM
    Category c 
WHERE
    LOWER(c.name) = LOWER(:name) */ select
        category0_.category_id as category1_3_,
        category0_.description as descript2_3_,
        category0_.is_active as is_activ3_3_,
        category0_.name as name4_3_ 
    from
        categories category0_ 
    where
        lower(category0_.name)=lower(?)
2025-09-17 16:15:19 TRACE BasicBinder:64 - binding parameter [1] as [VARCHAR] - [Fiction]
2025-09-17 16:15:19 ERROR LibraryService:239 - Error adding category: Fiction
java.lang.IllegalArgumentException: Category already exists: Fiction
	at service.LibraryService.addCategory(LibraryService.java:230)
	at main.LibraryManagementApp.initializeSampleData(LibraryManagementApp.java:53)
	at main.LibraryManagementApp.main(LibraryManagementApp.java:34)
2025-09-17 16:15:19 ERROR LibraryManagementApp:110 - Error initializing sample data
java.lang.RuntimeException: Failed to add category
	at service.LibraryService.addCategory(LibraryService.java:240)
	at main.LibraryManagementApp.initializeSampleData(LibraryManagementApp.java:53)
	at main.LibraryManagementApp.main(LibraryManagementApp.java:34)
Caused by: java.lang.IllegalArgumentException: Category already exists: Fiction
	at service.LibraryService.addCategory(LibraryService.java:230)
	... 2 more
2025-09-17 16:15:31 DEBUG SQL:144 - 
    /* select
        generatedAlias0 
    from
        Book as generatedAlias0 
    where
        generatedAlias0.status=:param0 */ select
            book0_.book_id as book_id1_1_,
            book0_.author_id as author_i9_1_,
            book0_.category_id as categor10_1_,
            book0_.description as descript2_1_,
            book0_.isbn as isbn3_1_,
            book0_.pages as pages4_1_,
            book0_.price as price5_1_,
            book0_.publication_date as publicat6_1_,
            book0_.status as status7_1_,
            book0_.title as title8_1_ 
        from
            books book0_ 
        where
            book0_.status=?
2025-09-17 16:15:31 TRACE BasicBinder:64 - binding parameter [1] as [VARCHAR] - [AVAILABLE]
2025-09-17 16:15:31 ERROR LibraryManagementApp:217 - Error in displayAvailableBooks
org.hibernate.LazyInitializationException: could not initialize proxy [entity.Author#1] - no Session
	at org.hibernate.proxy.AbstractLazyInitializer.initialize(AbstractLazyInitializer.java:176)
	at org.hibernate.proxy.AbstractLazyInitializer.getImplementation(AbstractLazyInitializer.java:322)
	at org.hibernate.proxy.pojo.bytebuddy.ByteBuddyInterceptor.intercept(ByteBuddyInterceptor.java:45)
	at org.hibernate.proxy.ProxyConfiguration$InterceptorDispatcher.intercept(ProxyConfiguration.java:95)
	at entity.Author$HibernateProxy$C638V1Hg.getFullName(Unknown Source)
	at main.LibraryManagementApp.displayBookInfo(LibraryManagementApp.java:389)
	at main.LibraryManagementApp.displayAvailableBooks(LibraryManagementApp.java:211)
	at main.LibraryManagementApp.runInteractiveMenu(LibraryManagementApp.java:125)
	at main.LibraryManagementApp.main(LibraryManagementApp.java:37)
2025-09-17 16:17:04 INFO  LibraryManagementApp:30 - Starting Library Management System...
2025-09-17 16:17:04 INFO  LibraryManagementApp:49 - Initializing sample data...
2025-09-17 16:17:04 INFO  Version:44 - HHH000412: Hibernate ORM core version 5.6.15.Final
2025-09-17 16:17:04 INFO  Version:56 - HCANN000001: Hibernate Commons Annotations {5.1.2.Final}
2025-09-17 16:17:04 WARN  pooling:75 - HHH10001002: Using Hibernate built-in connection pool (not for production use!)
2025-09-17 16:17:04 INFO  pooling:119 - HHH10001005: using driver [com.mysql.cj.jdbc.Driver] at URL [jdbc:mysql://localhost:3306/library_db?useSSL=false&serverTimezone=UTC]
2025-09-17 16:17:04 INFO  pooling:128 - HHH10001001: Connection properties: {password=****, user=root}
2025-09-17 16:17:04 INFO  pooling:132 - HHH10001003: Autocommit mode: false
2025-09-17 16:17:04 INFO  DriverManagerConnectionProviderImpl:322 - HHH000115: Hibernate connection pool size: 10 (min=1)
2025-09-17 16:17:05 INFO  Dialect:175 - HHH000400: Using dialect: org.hibernate.dialect.MySQL8Dialect
2025-09-17 16:17:05 INFO  access:48 - HHH10001501: Connection obtained from JdbcConnectionAccess [org.hibernate.engine.jdbc.env.internal.JdbcEnvironmentInitiator$ConnectionProviderJdbcConnectionAccess@949c598] for (non-JTA) DDL execution was not in auto-commit mode; the Connection 'local transaction' will be committed and the Connection will be set into auto-commit mode.
2025-09-17 16:17:05 INFO  HibernateUtil:30 - Hibernate SessionFactory created successfully
2025-09-17 16:17:05 DEBUG SQL:144 - 
    /* 
FROM
    Category c 
WHERE
    LOWER(c.name) = LOWER(:name) */ select
        category0_.category_id as category1_3_,
        category0_.description as descript2_3_,
        category0_.is_active as is_activ3_3_,
        category0_.name as name4_3_ 
    from
        categories category0_ 
    where
        lower(category0_.name)=lower(?)
2025-09-17 16:17:05 TRACE BasicBinder:64 - binding parameter [1] as [VARCHAR] - [Fiction]
2025-09-17 16:17:05 ERROR LibraryService:239 - Error adding category: Fiction
java.lang.IllegalArgumentException: Category already exists: Fiction
	at service.LibraryService.addCategory(LibraryService.java:230)
	at main.LibraryManagementApp.initializeSampleData(LibraryManagementApp.java:53)
	at main.LibraryManagementApp.main(LibraryManagementApp.java:34)
2025-09-17 16:17:05 ERROR LibraryManagementApp:110 - Error initializing sample data
java.lang.RuntimeException: Failed to add category
	at service.LibraryService.addCategory(LibraryService.java:240)
	at main.LibraryManagementApp.initializeSampleData(LibraryManagementApp.java:53)
	at main.LibraryManagementApp.main(LibraryManagementApp.java:34)
Caused by: java.lang.IllegalArgumentException: Category already exists: Fiction
	at service.LibraryService.addCategory(LibraryService.java:230)
	... 2 more
2025-09-17 16:17:09 DEBUG SQL:144 - 
    /* select
        generatedAlias0 
    from
        Book as generatedAlias0 
    where
        generatedAlias0.status=:param0 */ select
            book0_.book_id as book_id1_1_,
            book0_.author_id as author_i9_1_,
            book0_.category_id as categor10_1_,
            book0_.description as descript2_1_,
            book0_.isbn as isbn3_1_,
            book0_.pages as pages4_1_,
            book0_.price as price5_1_,
            book0_.publication_date as publicat6_1_,
            book0_.status as status7_1_,
            book0_.title as title8_1_ 
        from
            books book0_ 
        where
            book0_.status=?
2025-09-17 16:17:09 TRACE BasicBinder:64 - binding parameter [1] as [VARCHAR] - [AVAILABLE]
2025-09-17 16:17:09 DEBUG SQL:144 - 
    select
        author0_.author_id as author_i1_0_0_,
        author0_.biography as biograph2_0_0_,
        author0_.birth_date as birth_da3_0_0_,
        author0_.email as email4_0_0_,
        author0_.first_name as first_na5_0_0_,
        author0_.is_active as is_activ6_0_0_,
        author0_.last_name as last_nam7_0_0_,
        author0_.nationality as national8_0_0_ 
    from
        authors author0_ 
    where
        author0_.author_id=?
2025-09-17 16:17:09 TRACE BasicBinder:64 - binding parameter [1] as [BIGINT] - [1]
2025-09-17 16:17:09 DEBUG SQL:144 - 
    select
        author0_.author_id as author_i1_0_0_,
        author0_.biography as biograph2_0_0_,
        author0_.birth_date as birth_da3_0_0_,
        author0_.email as email4_0_0_,
        author0_.first_name as first_na5_0_0_,
        author0_.is_active as is_activ6_0_0_,
        author0_.last_name as last_nam7_0_0_,
        author0_.nationality as national8_0_0_ 
    from
        authors author0_ 
    where
        author0_.author_id=?
2025-09-17 16:17:09 TRACE BasicBinder:64 - binding parameter [1] as [BIGINT] - [2]
2025-09-17 16:17:09 DEBUG SQL:144 - 
    select
        author0_.author_id as author_i1_0_0_,
        author0_.biography as biograph2_0_0_,
        author0_.birth_date as birth_da3_0_0_,
        author0_.email as email4_0_0_,
        author0_.first_name as first_na5_0_0_,
        author0_.is_active as is_activ6_0_0_,
        author0_.last_name as last_nam7_0_0_,
        author0_.nationality as national8_0_0_ 
    from
        authors author0_ 
    where
        author0_.author_id=?
2025-09-17 16:17:09 TRACE BasicBinder:64 - binding parameter [1] as [BIGINT] - [3]
2025-09-17 16:17:30 DEBUG SQL:144 - 
    select
        book0_.book_id as book_id1_1_0_,
        book0_.author_id as author_i9_1_0_,
        book0_.category_id as categor10_1_0_,
        book0_.description as descript2_1_0_,
        book0_.isbn as isbn3_1_0_,
        book0_.pages as pages4_1_0_,
        book0_.price as price5_1_0_,
        book0_.publication_date as publicat6_1_0_,
        book0_.status as status7_1_0_,
        book0_.title as title8_1_0_,
        author1_.author_id as author_i1_0_1_,
        author1_.biography as biograph2_0_1_,
        author1_.birth_date as birth_da3_0_1_,
        author1_.email as email4_0_1_,
        author1_.first_name as first_na5_0_1_,
        author1_.is_active as is_activ6_0_1_,
        author1_.last_name as last_nam7_0_1_,
        author1_.nationality as national8_0_1_ 
    from
        books book0_ 
    left outer join
        authors author1_ 
            on book0_.author_id=author1_.author_id 
    where
        book0_.book_id=?
2025-09-17 16:17:30 TRACE BasicBinder:64 - binding parameter [1] as [BIGINT] - [1]
2025-09-17 16:17:30 DEBUG SQL:144 - 
    select
        member0_.member_id as member_i1_4_0_,
        member0_.city as city2_4_0_,
        member0_.country as country3_4_0_,
        member0_.postal_code as postal_c4_4_0_,
        member0_.state as state5_4_0_,
        member0_.street as street6_4_0_,
        member0_.email as email7_4_0_,
        member0_.first_name as first_na8_4_0_,
        member0_.is_active as is_activ9_4_0_,
        member0_.last_name as last_na10_4_0_,
        member0_.membership_date as members11_4_0_,
        member0_.membership_type as members12_4_0_,
        member0_.phone as phone13_4_0_ 
    from
        members member0_ 
    where
        member0_.member_id=?
2025-09-17 16:17:30 TRACE BasicBinder:64 - binding parameter [1] as [BIGINT] - [1]
2025-09-17 16:17:30 DEBUG SQL:144 - 
    /* SELECT
        COUNT(br) 
    FROM
        BorrowRecord br 
    WHERE
        br.member.memberId = :memberId 
        AND br.status = :status */ select
            count(borrowreco0_.record_id) as col_0_0_ 
        from
            borrow_records borrowreco0_ 
        where
            borrowreco0_.member_id=? 
            and borrowreco0_.status=?
2025-09-17 16:17:30 TRACE BasicBinder:64 - binding parameter [1] as [BIGINT] - [1]
2025-09-17 16:17:30 TRACE BasicBinder:64 - binding parameter [2] as [VARCHAR] - [ACTIVE]
2025-09-17 16:17:30 DEBUG SQL:144 - 
    /* update
        entity.Book */ update
            books 
        set
            author_id=?,
            category_id=?,
            description=?,
            isbn=?,
            pages=?,
            price=?,
            publication_date=?,
            status=?,
            title=? 
        where
            book_id=?
2025-09-17 16:17:30 TRACE BasicBinder:64 - binding parameter [1] as [BIGINT] - [1]
2025-09-17 16:17:30 TRACE BasicBinder:64 - binding parameter [2] as [BIGINT] - [1]
2025-09-17 16:17:30 TRACE BasicBinder:52 - binding parameter [3] as [CLOB] - [null]
2025-09-17 16:17:30 TRACE BasicBinder:64 - binding parameter [4] as [VARCHAR] - [978-0-452-28423-4]
2025-09-17 16:17:30 TRACE BasicBinder:64 - binding parameter [5] as [INTEGER] - [328]
2025-09-17 16:17:30 TRACE BasicBinder:64 - binding parameter [6] as [NUMERIC] - [15.99]
2025-09-17 16:17:30 TRACE BasicBinder:64 - binding parameter [7] as [DATE] - [1949-06-08]
2025-09-17 16:17:30 TRACE BasicBinder:64 - binding parameter [8] as [VARCHAR] - [BORROWED]
2025-09-17 16:17:30 TRACE BasicBinder:64 - binding parameter [9] as [VARCHAR] - [1984]
2025-09-17 16:17:30 TRACE BasicBinder:64 - binding parameter [10] as [BIGINT] - [1]
2025-09-17 16:17:30 DEBUG SQL:144 - 
    /* insert entity.BorrowRecord
        */ insert 
        into
            borrow_records
            (book_id, borrow_date, due_date, fine_amount, member_id, notes, return_date, status) 
        values
            (?, ?, ?, ?, ?, ?, ?, ?)
2025-09-17 16:17:30 TRACE BasicBinder:64 - binding parameter [1] as [BIGINT] - [1]
2025-09-17 16:17:30 TRACE BasicBinder:64 - binding parameter [2] as [DATE] - [2025-09-17]
2025-09-17 16:17:30 TRACE BasicBinder:64 - binding parameter [3] as [DATE] - [2025-10-01]
2025-09-17 16:17:30 TRACE BasicBinder:64 - binding parameter [4] as [NUMERIC] - [0]
2025-09-17 16:17:30 TRACE BasicBinder:64 - binding parameter [5] as [BIGINT] - [1]
2025-09-17 16:17:30 TRACE BasicBinder:52 - binding parameter [6] as [VARCHAR] - [null]
2025-09-17 16:17:30 TRACE BasicBinder:52 - binding parameter [7] as [DATE] - [null]
2025-09-17 16:17:30 TRACE BasicBinder:64 - binding parameter [8] as [VARCHAR] - [ACTIVE]
2025-09-17 16:17:30 INFO  LibraryService:166 - Book borrowed successfully: 1984 by John Doe
2025-09-17 16:21:41 DEBUG SQL:144 - 
    select
        borrowreco0_.record_id as record_i1_2_0_,
        borrowreco0_.book_id as book_id8_2_0_,
        borrowreco0_.borrow_date as borrow_d2_2_0_,
        borrowreco0_.due_date as due_date3_2_0_,
        borrowreco0_.fine_amount as fine_amo4_2_0_,
        borrowreco0_.member_id as member_i9_2_0_,
        borrowreco0_.notes as notes5_2_0_,
        borrowreco0_.return_date as return_d6_2_0_,
        borrowreco0_.status as status7_2_0_ 
    from
        borrow_records borrowreco0_ 
    where
        borrowreco0_.record_id=?
2025-09-17 16:21:41 TRACE BasicBinder:64 - binding parameter [1] as [BIGINT] - [1]
2025-09-17 16:21:41 ERROR LibraryService:211 - Error returning book for record ID 1
org.hibernate.LazyInitializationException: could not initialize proxy [entity.Book#1] - no Session
	at org.hibernate.proxy.AbstractLazyInitializer.initialize(AbstractLazyInitializer.java:176)
	at org.hibernate.proxy.AbstractLazyInitializer.getImplementation(AbstractLazyInitializer.java:322)
	at org.hibernate.proxy.pojo.bytebuddy.ByteBuddyInterceptor.intercept(ByteBuddyInterceptor.java:45)
	at org.hibernate.proxy.ProxyConfiguration$InterceptorDispatcher.intercept(ProxyConfiguration.java:95)
	at entity.Book$HibernateProxy$POzFCs8d.setStatus(Unknown Source)
	at service.LibraryService.returnBook(LibraryService.java:200)
	at main.LibraryManagementApp.returnBook(LibraryManagementApp.java:244)
	at main.LibraryManagementApp.runInteractiveMenu(LibraryManagementApp.java:131)
	at main.LibraryManagementApp.main(LibraryManagementApp.java:37)
2025-09-17 16:21:41 ERROR LibraryManagementApp:257 - Error in returnBook
java.lang.RuntimeException: Failed to return book
	at service.LibraryService.returnBook(LibraryService.java:212)
	at main.LibraryManagementApp.returnBook(LibraryManagementApp.java:244)
	at main.LibraryManagementApp.runInteractiveMenu(LibraryManagementApp.java:131)
	at main.LibraryManagementApp.main(LibraryManagementApp.java:37)
Caused by: org.hibernate.LazyInitializationException: could not initialize proxy [entity.Book#1] - no Session
	at org.hibernate.proxy.AbstractLazyInitializer.initialize(AbstractLazyInitializer.java:176)
	at org.hibernate.proxy.AbstractLazyInitializer.getImplementation(AbstractLazyInitializer.java:322)
	at org.hibernate.proxy.pojo.bytebuddy.ByteBuddyInterceptor.intercept(ByteBuddyInterceptor.java:45)
	at org.hibernate.proxy.ProxyConfiguration$InterceptorDispatcher.intercept(ProxyConfiguration.java:95)
	at entity.Book$HibernateProxy$POzFCs8d.setStatus(Unknown Source)
	at service.LibraryService.returnBook(LibraryService.java:200)
	... 3 more
2025-09-17 16:22:55 INFO  LibraryManagementApp:30 - Starting Library Management System...
2025-09-17 16:22:55 INFO  LibraryManagementApp:49 - Initializing sample data...
2025-09-17 16:22:55 INFO  Version:44 - HHH000412: Hibernate ORM core version 5.6.15.Final
2025-09-17 16:22:56 INFO  Version:56 - HCANN000001: Hibernate Commons Annotations {5.1.2.Final}
2025-09-17 16:22:56 WARN  pooling:75 - HHH10001002: Using Hibernate built-in connection pool (not for production use!)
2025-09-17 16:22:56 INFO  pooling:119 - HHH10001005: using driver [com.mysql.cj.jdbc.Driver] at URL [jdbc:mysql://localhost:3306/library_db?useSSL=false&serverTimezone=UTC]
2025-09-17 16:22:56 INFO  pooling:128 - HHH10001001: Connection properties: {password=****, user=root}
2025-09-17 16:22:56 INFO  pooling:132 - HHH10001003: Autocommit mode: false
2025-09-17 16:22:56 INFO  DriverManagerConnectionProviderImpl:322 - HHH000115: Hibernate connection pool size: 10 (min=1)
2025-09-17 16:22:56 INFO  Dialect:175 - HHH000400: Using dialect: org.hibernate.dialect.MySQL8Dialect
2025-09-17 16:22:56 INFO  access:48 - HHH10001501: Connection obtained from JdbcConnectionAccess [org.hibernate.engine.jdbc.env.internal.JdbcEnvironmentInitiator$ConnectionProviderJdbcConnectionAccess@51dae791] for (non-JTA) DDL execution was not in auto-commit mode; the Connection 'local transaction' will be committed and the Connection will be set into auto-commit mode.
2025-09-17 16:22:56 INFO  HibernateUtil:30 - Hibernate SessionFactory created successfully
2025-09-17 16:22:56 DEBUG SQL:144 - 
    /* 
FROM
    Category c 
WHERE
    LOWER(c.name) = LOWER(:name) */ select
        category0_.category_id as category1_3_,
        category0_.description as descript2_3_,
        category0_.is_active as is_activ3_3_,
        category0_.name as name4_3_ 
    from
        categories category0_ 
    where
        lower(category0_.name)=lower(?)
2025-09-17 16:22:56 TRACE BasicBinder:64 - binding parameter [1] as [VARCHAR] - [Fiction]
2025-09-17 16:22:56 ERROR LibraryService:239 - Error adding category: Fiction
java.lang.IllegalArgumentException: Category already exists: Fiction
	at service.LibraryService.addCategory(LibraryService.java:230)
	at main.LibraryManagementApp.initializeSampleData(LibraryManagementApp.java:53)
	at main.LibraryManagementApp.main(LibraryManagementApp.java:34)
2025-09-17 16:22:56 ERROR LibraryManagementApp:110 - Error initializing sample data
java.lang.RuntimeException: Failed to add category
	at service.LibraryService.addCategory(LibraryService.java:240)
	at main.LibraryManagementApp.initializeSampleData(LibraryManagementApp.java:53)
	at main.LibraryManagementApp.main(LibraryManagementApp.java:34)
Caused by: java.lang.IllegalArgumentException: Category already exists: Fiction
	at service.LibraryService.addCategory(LibraryService.java:230)
	... 2 more
2025-09-17 16:23:04 DEBUG SQL:144 - 
    select
        borrowreco0_.record_id as record_i1_2_0_,
        borrowreco0_.book_id as book_id8_2_0_,
        borrowreco0_.borrow_date as borrow_d2_2_0_,
        borrowreco0_.due_date as due_date3_2_0_,
        borrowreco0_.fine_amount as fine_amo4_2_0_,
        borrowreco0_.member_id as member_i9_2_0_,
        borrowreco0_.notes as notes5_2_0_,
        borrowreco0_.return_date as return_d6_2_0_,
        borrowreco0_.status as status7_2_0_ 
    from
        borrow_records borrowreco0_ 
    where
        borrowreco0_.record_id=?
2025-09-17 16:23:04 TRACE BasicBinder:64 - binding parameter [1] as [BIGINT] - [1]
2025-09-17 16:23:04 ERROR LibraryService:211 - Error returning book for record ID 1
org.hibernate.LazyInitializationException: could not initialize proxy [entity.Book#1] - no Session
	at org.hibernate.proxy.AbstractLazyInitializer.initialize(AbstractLazyInitializer.java:176)
	at org.hibernate.proxy.AbstractLazyInitializer.getImplementation(AbstractLazyInitializer.java:322)
	at org.hibernate.proxy.pojo.bytebuddy.ByteBuddyInterceptor.intercept(ByteBuddyInterceptor.java:45)
	at org.hibernate.proxy.ProxyConfiguration$InterceptorDispatcher.intercept(ProxyConfiguration.java:95)
	at entity.Book$HibernateProxy$ULGg3wxe.setStatus(Unknown Source)
	at service.LibraryService.returnBook(LibraryService.java:200)
	at main.LibraryManagementApp.returnBook(LibraryManagementApp.java:244)
	at main.LibraryManagementApp.runInteractiveMenu(LibraryManagementApp.java:131)
	at main.LibraryManagementApp.main(LibraryManagementApp.java:37)
2025-09-17 16:23:04 ERROR LibraryManagementApp:257 - Error in returnBook
java.lang.RuntimeException: Failed to return book
	at service.LibraryService.returnBook(LibraryService.java:212)
	at main.LibraryManagementApp.returnBook(LibraryManagementApp.java:244)
	at main.LibraryManagementApp.runInteractiveMenu(LibraryManagementApp.java:131)
	at main.LibraryManagementApp.main(LibraryManagementApp.java:37)
Caused by: org.hibernate.LazyInitializationException: could not initialize proxy [entity.Book#1] - no Session
	at org.hibernate.proxy.AbstractLazyInitializer.initialize(AbstractLazyInitializer.java:176)
	at org.hibernate.proxy.AbstractLazyInitializer.getImplementation(AbstractLazyInitializer.java:322)
	at org.hibernate.proxy.pojo.bytebuddy.ByteBuddyInterceptor.intercept(ByteBuddyInterceptor.java:45)
	at org.hibernate.proxy.ProxyConfiguration$InterceptorDispatcher.intercept(ProxyConfiguration.java:95)
	at entity.Book$HibernateProxy$ULGg3wxe.setStatus(Unknown Source)
	at service.LibraryService.returnBook(LibraryService.java:200)
	... 3 more
2025-09-17 16:23:39 DEBUG SQL:144 - 
    /* 
FROM
    Member m 
WHERE
    m.email = :email */ select
        member0_.member_id as member_i1_4_,
        member0_.city as city2_4_,
        member0_.country as country3_4_,
        member0_.postal_code as postal_c4_4_,
        member0_.state as state5_4_,
        member0_.street as street6_4_,
        member0_.email as email7_4_,
        member0_.first_name as first_na8_4_,
        member0_.is_active as is_activ9_4_,
        member0_.last_name as last_na10_4_,
        member0_.membership_date as members11_4_,
        member0_.membership_type as members12_4_,
        member0_.phone as phone13_4_ 
    from
        members member0_ 
    where
        member0_.email=?
2025-09-17 16:23:39 TRACE BasicBinder:64 - binding parameter [1] as [VARCHAR] - [resmi@gmail.com]
2025-09-17 16:23:39 DEBUG SQL:144 - 
    /* insert entity.Member
        */ insert 
        into
            members
            (city, country, postal_code, state, street, email, first_name, is_active, last_name, membership_date, membership_type, phone) 
        values
            (?, ?, ?, ?, ?, ?, ?, ?, ?, ?, ?, ?)
2025-09-17 16:23:39 TRACE BasicBinder:52 - binding parameter [1] as [VARCHAR] - [null]
2025-09-17 16:23:39 TRACE BasicBinder:52 - binding parameter [2] as [VARCHAR] - [null]
2025-09-17 16:23:39 TRACE BasicBinder:52 - binding parameter [3] as [VARCHAR] - [null]
2025-09-17 16:23:39 TRACE BasicBinder:52 - binding parameter [4] as [VARCHAR] - [null]
2025-09-17 16:23:39 TRACE BasicBinder:52 - binding parameter [5] as [VARCHAR] - [null]
2025-09-17 16:23:39 TRACE BasicBinder:64 - binding parameter [6] as [VARCHAR] - [resmi@gmail.com]
2025-09-17 16:23:39 TRACE BasicBinder:64 - binding parameter [7] as [VARCHAR] - [REsmi]
2025-09-17 16:23:39 TRACE BasicBinder:64 - binding parameter [8] as [BOOLEAN] - [true]
2025-09-17 16:23:39 TRACE BasicBinder:64 - binding parameter [9] as [VARCHAR] - [TR]
2025-09-17 16:23:39 TRACE BasicBinder:64 - binding parameter [10] as [DATE] - [2025-09-17]
2025-09-17 16:23:39 TRACE BasicBinder:64 - binding parameter [11] as [VARCHAR] - [REGULAR]
2025-09-17 16:23:39 TRACE BasicBinder:52 - binding parameter [12] as [VARCHAR] - [null]
2025-09-17 16:23:39 INFO  LibraryService:120 - Member registered successfully: Member{memberId=4, firstName='REsmi', lastName='TR', email='resmi@gmail.com', membershipType=REGULAR}
2025-09-17 16:24:46 DEBUG SQL:144 - 
    /* select
        generatedAlias0 
    from
        Book as generatedAlias0 
    where
        generatedAlias0.status=:param0 */ select
            book0_.book_id as book_id1_1_,
            book0_.author_id as author_i9_1_,
            book0_.category_id as categor10_1_,
            book0_.description as descript2_1_,
            book0_.isbn as isbn3_1_,
            book0_.pages as pages4_1_,
            book0_.price as price5_1_,
            book0_.publication_date as publicat6_1_,
            book0_.status as status7_1_,
            book0_.title as title8_1_ 
        from
            books book0_ 
        where
            book0_.status=?
2025-09-17 16:24:46 TRACE BasicBinder:64 - binding parameter [1] as [VARCHAR] - [AVAILABLE]
2025-09-17 16:24:46 DEBUG SQL:144 - 
    select
        author0_.author_id as author_i1_0_0_,
        author0_.biography as biograph2_0_0_,
        author0_.birth_date as birth_da3_0_0_,
        author0_.email as email4_0_0_,
        author0_.first_name as first_na5_0_0_,
        author0_.is_active as is_activ6_0_0_,
        author0_.last_name as last_nam7_0_0_,
        author0_.nationality as national8_0_0_ 
    from
        authors author0_ 
    where
        author0_.author_id=?
2025-09-17 16:24:46 TRACE BasicBinder:64 - binding parameter [1] as [BIGINT] - [1]
2025-09-17 16:24:46 DEBUG SQL:144 - 
    select
        author0_.author_id as author_i1_0_0_,
        author0_.biography as biograph2_0_0_,
        author0_.birth_date as birth_da3_0_0_,
        author0_.email as email4_0_0_,
        author0_.first_name as first_na5_0_0_,
        author0_.is_active as is_activ6_0_0_,
        author0_.last_name as last_nam7_0_0_,
        author0_.nationality as national8_0_0_ 
    from
        authors author0_ 
    where
        author0_.author_id=?
2025-09-17 16:24:46 TRACE BasicBinder:64 - binding parameter [1] as [BIGINT] - [2]
2025-09-17 16:24:46 DEBUG SQL:144 - 
    select
        author0_.author_id as author_i1_0_0_,
        author0_.biography as biograph2_0_0_,
        author0_.birth_date as birth_da3_0_0_,
        author0_.email as email4_0_0_,
        author0_.first_name as first_na5_0_0_,
        author0_.is_active as is_activ6_0_0_,
        author0_.last_name as last_nam7_0_0_,
        author0_.nationality as national8_0_0_ 
    from
        authors author0_ 
    where
        author0_.author_id=?
2025-09-17 16:24:46 TRACE BasicBinder:64 - binding parameter [1] as [BIGINT] - [3]
2025-09-17 16:24:46 DEBUG SQL:144 - 
    select
        borrowreco0_.book_id as book_id8_2_0_,
        borrowreco0_.record_id as record_i1_2_0_,
        borrowreco0_.record_id as record_i1_2_1_,
        borrowreco0_.book_id as book_id8_2_1_,
        borrowreco0_.borrow_date as borrow_d2_2_1_,
        borrowreco0_.due_date as due_date3_2_1_,
        borrowreco0_.fine_amount as fine_amo4_2_1_,
        borrowreco0_.member_id as member_i9_2_1_,
        borrowreco0_.notes as notes5_2_1_,
        borrowreco0_.return_date as return_d6_2_1_,
        borrowreco0_.status as status7_2_1_ 
    from
        borrow_records borrowreco0_ 
    where
        borrowreco0_.book_id=?
2025-09-17 16:24:46 TRACE BasicBinder:64 - binding parameter [1] as [BIGINT] - [4]
2025-09-17 16:24:46 DEBUG SQL:144 - 
    select
        borrowreco0_.book_id as book_id8_2_0_,
        borrowreco0_.record_id as record_i1_2_0_,
        borrowreco0_.record_id as record_i1_2_1_,
        borrowreco0_.book_id as book_id8_2_1_,
        borrowreco0_.borrow_date as borrow_d2_2_1_,
        borrowreco0_.due_date as due_date3_2_1_,
        borrowreco0_.fine_amount as fine_amo4_2_1_,
        borrowreco0_.member_id as member_i9_2_1_,
        borrowreco0_.notes as notes5_2_1_,
        borrowreco0_.return_date as return_d6_2_1_,
        borrowreco0_.status as status7_2_1_ 
    from
        borrow_records borrowreco0_ 
    where
        borrowreco0_.book_id=?
2025-09-17 16:24:46 TRACE BasicBinder:64 - binding parameter [1] as [BIGINT] - [3]
2025-09-17 16:24:46 DEBUG SQL:144 - 
    select
        borrowreco0_.book_id as book_id8_2_0_,
        borrowreco0_.record_id as record_i1_2_0_,
        borrowreco0_.record_id as record_i1_2_1_,
        borrowreco0_.book_id as book_id8_2_1_,
        borrowreco0_.borrow_date as borrow_d2_2_1_,
        borrowreco0_.due_date as due_date3_2_1_,
        borrowreco0_.fine_amount as fine_amo4_2_1_,
        borrowreco0_.member_id as member_i9_2_1_,
        borrowreco0_.notes as notes5_2_1_,
        borrowreco0_.return_date as return_d6_2_1_,
        borrowreco0_.status as status7_2_1_ 
    from
        borrow_records borrowreco0_ 
    where
        borrowreco0_.book_id=?
2025-09-17 16:24:46 TRACE BasicBinder:64 - binding parameter [1] as [BIGINT] - [2]
2025-09-17 16:24:53 DEBUG SQL:144 - 
    /* select
        count(generatedAlias0) 
    from
        Book as generatedAlias0 */ select
            count(book0_.book_id) as col_0_0_ 
        from
            books book0_
2025-09-17 16:24:53 DEBUG SQL:144 - 
    /* select
        generatedAlias0 
    from
        Book as generatedAlias0 
    where
        generatedAlias0.status=:param0 */ select
            book0_.book_id as book_id1_1_,
            book0_.author_id as author_i9_1_,
            book0_.category_id as categor10_1_,
            book0_.description as descript2_1_,
            book0_.isbn as isbn3_1_,
            book0_.pages as pages4_1_,
            book0_.price as price5_1_,
            book0_.publication_date as publicat6_1_,
            book0_.status as status7_1_,
            book0_.title as title8_1_ 
        from
            books book0_ 
        where
            book0_.status=?
2025-09-17 16:24:53 TRACE BasicBinder:64 - binding parameter [1] as [VARCHAR] - [AVAILABLE]
2025-09-17 16:24:53 DEBUG SQL:144 - 
    select
        author0_.author_id as author_i1_0_0_,
        author0_.biography as biograph2_0_0_,
        author0_.birth_date as birth_da3_0_0_,
        author0_.email as email4_0_0_,
        author0_.first_name as first_na5_0_0_,
        author0_.is_active as is_activ6_0_0_,
        author0_.last_name as last_nam7_0_0_,
        author0_.nationality as national8_0_0_ 
    from
        authors author0_ 
    where
        author0_.author_id=?
2025-09-17 16:24:53 TRACE BasicBinder:64 - binding parameter [1] as [BIGINT] - [1]
2025-09-17 16:24:53 DEBUG SQL:144 - 
    select
        author0_.author_id as author_i1_0_0_,
        author0_.biography as biograph2_0_0_,
        author0_.birth_date as birth_da3_0_0_,
        author0_.email as email4_0_0_,
        author0_.first_name as first_na5_0_0_,
        author0_.is_active as is_activ6_0_0_,
        author0_.last_name as last_nam7_0_0_,
        author0_.nationality as national8_0_0_ 
    from
        authors author0_ 
    where
        author0_.author_id=?
2025-09-17 16:24:53 TRACE BasicBinder:64 - binding parameter [1] as [BIGINT] - [2]
2025-09-17 16:24:53 DEBUG SQL:144 - 
    select
        author0_.author_id as author_i1_0_0_,
        author0_.biography as biograph2_0_0_,
        author0_.birth_date as birth_da3_0_0_,
        author0_.email as email4_0_0_,
        author0_.first_name as first_na5_0_0_,
        author0_.is_active as is_activ6_0_0_,
        author0_.last_name as last_nam7_0_0_,
        author0_.nationality as national8_0_0_ 
    from
        authors author0_ 
    where
        author0_.author_id=?
2025-09-17 16:24:53 TRACE BasicBinder:64 - binding parameter [1] as [BIGINT] - [3]
2025-09-17 16:24:53 DEBUG SQL:144 - 
    select
        borrowreco0_.book_id as book_id8_2_0_,
        borrowreco0_.record_id as record_i1_2_0_,
        borrowreco0_.record_id as record_i1_2_1_,
        borrowreco0_.book_id as book_id8_2_1_,
        borrowreco0_.borrow_date as borrow_d2_2_1_,
        borrowreco0_.due_date as due_date3_2_1_,
        borrowreco0_.fine_amount as fine_amo4_2_1_,
        borrowreco0_.member_id as member_i9_2_1_,
        borrowreco0_.notes as notes5_2_1_,
        borrowreco0_.return_date as return_d6_2_1_,
        borrowreco0_.status as status7_2_1_ 
    from
        borrow_records borrowreco0_ 
    where
        borrowreco0_.book_id=?
2025-09-17 16:24:53 TRACE BasicBinder:64 - binding parameter [1] as [BIGINT] - [4]
2025-09-17 16:24:53 DEBUG SQL:144 - 
    select
        borrowreco0_.book_id as book_id8_2_0_,
        borrowreco0_.record_id as record_i1_2_0_,
        borrowreco0_.record_id as record_i1_2_1_,
        borrowreco0_.book_id as book_id8_2_1_,
        borrowreco0_.borrow_date as borrow_d2_2_1_,
        borrowreco0_.due_date as due_date3_2_1_,
        borrowreco0_.fine_amount as fine_amo4_2_1_,
        borrowreco0_.member_id as member_i9_2_1_,
        borrowreco0_.notes as notes5_2_1_,
        borrowreco0_.return_date as return_d6_2_1_,
        borrowreco0_.status as status7_2_1_ 
    from
        borrow_records borrowreco0_ 
    where
        borrowreco0_.book_id=?
2025-09-17 16:24:53 TRACE BasicBinder:64 - binding parameter [1] as [BIGINT] - [3]
2025-09-17 16:24:53 DEBUG SQL:144 - 
    select
        borrowreco0_.book_id as book_id8_2_0_,
        borrowreco0_.record_id as record_i1_2_0_,
        borrowreco0_.record_id as record_i1_2_1_,
        borrowreco0_.book_id as book_id8_2_1_,
        borrowreco0_.borrow_date as borrow_d2_2_1_,
        borrowreco0_.due_date as due_date3_2_1_,
        borrowreco0_.fine_amount as fine_amo4_2_1_,
        borrowreco0_.member_id as member_i9_2_1_,
        borrowreco0_.notes as notes5_2_1_,
        borrowreco0_.return_date as return_d6_2_1_,
        borrowreco0_.status as status7_2_1_ 
    from
        borrow_records borrowreco0_ 
    where
        borrowreco0_.book_id=?
2025-09-17 16:24:53 TRACE BasicBinder:64 - binding parameter [1] as [BIGINT] - [2]
2025-09-17 16:24:53 DEBUG SQL:144 - 
    /* select
        generatedAlias0 
    from
        Book as generatedAlias0 
    where
        generatedAlias0.status=:param0 */ select
            book0_.book_id as book_id1_1_,
            book0_.author_id as author_i9_1_,
            book0_.category_id as categor10_1_,
            book0_.description as descript2_1_,
            book0_.isbn as isbn3_1_,
            book0_.pages as pages4_1_,
            book0_.price as price5_1_,
            book0_.publication_date as publicat6_1_,
            book0_.status as status7_1_,
            book0_.title as title8_1_ 
        from
            books book0_ 
        where
            book0_.status=?
2025-09-17 16:24:53 TRACE BasicBinder:64 - binding parameter [1] as [VARCHAR] - [BORROWED]
2025-09-17 16:24:53 DEBUG SQL:144 - 
    select
        author0_.author_id as author_i1_0_0_,
        author0_.biography as biograph2_0_0_,
        author0_.birth_date as birth_da3_0_0_,
        author0_.email as email4_0_0_,
        author0_.first_name as first_na5_0_0_,
        author0_.is_active as is_activ6_0_0_,
        author0_.last_name as last_nam7_0_0_,
        author0_.nationality as national8_0_0_ 
    from
        authors author0_ 
    where
        author0_.author_id=?
2025-09-17 16:24:53 TRACE BasicBinder:64 - binding parameter [1] as [BIGINT] - [1]
2025-09-17 16:24:53 DEBUG SQL:144 - 
    select
        borrowreco0_.book_id as book_id8_2_0_,
        borrowreco0_.record_id as record_i1_2_0_,
        borrowreco0_.record_id as record_i1_2_1_,
        borrowreco0_.book_id as book_id8_2_1_,
        borrowreco0_.borrow_date as borrow_d2_2_1_,
        borrowreco0_.due_date as due_date3_2_1_,
        borrowreco0_.fine_amount as fine_amo4_2_1_,
        borrowreco0_.member_id as member_i9_2_1_,
        borrowreco0_.notes as notes5_2_1_,
        borrowreco0_.return_date as return_d6_2_1_,
        borrowreco0_.status as status7_2_1_ 
    from
        borrow_records borrowreco0_ 
    where
        borrowreco0_.book_id=?
2025-09-17 16:24:53 TRACE BasicBinder:64 - binding parameter [1] as [BIGINT] - [1]
2025-09-17 16:24:53 DEBUG SQL:144 - 
    /* select
        count(generatedAlias0) 
    from
        Member as generatedAlias0 */ select
            count(member0_.member_id) as col_0_0_ 
        from
            members member0_
2025-09-17 16:24:53 DEBUG SQL:144 - 
    /* 
FROM
    Member m 
WHERE
    m.isActive = true 
ORDER BY
    m.lastName,
    m.firstName */ select
        member0_.member_id as member_i1_4_,
        member0_.city as city2_4_,
        member0_.country as country3_4_,
        member0_.postal_code as postal_c4_4_,
        member0_.state as state5_4_,
        member0_.street as street6_4_,
        member0_.email as email7_4_,
        member0_.first_name as first_na8_4_,
        member0_.is_active as is_activ9_4_,
        member0_.last_name as last_na10_4_,
        member0_.membership_date as members11_4_,
        member0_.membership_type as members12_4_,
        member0_.phone as phone13_4_ 
    from
        members member0_ 
    where
        member0_.is_active=1 
    order by
        member0_.last_name,
        member0_.first_name
2025-09-17 16:24:53 DEBUG SQL:144 - 
    /* 
FROM
    BorrowRecord br 
WHERE
    br.status = :status 
    AND br.dueDate < :currentDate */ select
        borrowreco0_.record_id as record_i1_2_,
        borrowreco0_.book_id as book_id8_2_,
        borrowreco0_.borrow_date as borrow_d2_2_,
        borrowreco0_.due_date as due_date3_2_,
        borrowreco0_.fine_amount as fine_amo4_2_,
        borrowreco0_.member_id as member_i9_2_,
        borrowreco0_.notes as notes5_2_,
        borrowreco0_.return_date as return_d6_2_,
        borrowreco0_.status as status7_2_ 
    from
        borrow_records borrowreco0_ 
    where
        borrowreco0_.status=? 
        and borrowreco0_.due_date<?
2025-09-17 16:24:53 TRACE BasicBinder:64 - binding parameter [1] as [VARCHAR] - [ACTIVE]
2025-09-17 16:24:53 TRACE BasicBinder:64 - binding parameter [2] as [DATE] - [2025-09-17]
2025-09-17 16:25:09 DEBUG SQL:144 - 
    /* 
FROM
    BorrowRecord br 
WHERE
    br.status = :status 
    AND br.dueDate < :currentDate */ select
        borrowreco0_.record_id as record_i1_2_,
        borrowreco0_.book_id as book_id8_2_,
        borrowreco0_.borrow_date as borrow_d2_2_,
        borrowreco0_.due_date as due_date3_2_,
        borrowreco0_.fine_amount as fine_amo4_2_,
        borrowreco0_.member_id as member_i9_2_,
        borrowreco0_.notes as notes5_2_,
        borrowreco0_.return_date as return_d6_2_,
        borrowreco0_.status as status7_2_ 
    from
        borrow_records borrowreco0_ 
    where
        borrowreco0_.status=? 
        and borrowreco0_.due_date<?
2025-09-17 16:25:09 TRACE BasicBinder:64 - binding parameter [1] as [VARCHAR] - [ACTIVE]
2025-09-17 16:25:09 TRACE BasicBinder:64 - binding parameter [2] as [DATE] - [2025-09-17]
2025-09-17 16:25:23 DEBUG SQL:144 - 
    select
        borrowreco0_.record_id as record_i1_2_0_,
        borrowreco0_.book_id as book_id8_2_0_,
        borrowreco0_.borrow_date as borrow_d2_2_0_,
        borrowreco0_.due_date as due_date3_2_0_,
        borrowreco0_.fine_amount as fine_amo4_2_0_,
        borrowreco0_.member_id as member_i9_2_0_,
        borrowreco0_.notes as notes5_2_0_,
        borrowreco0_.return_date as return_d6_2_0_,
        borrowreco0_.status as status7_2_0_ 
    from
        borrow_records borrowreco0_ 
    where
        borrowreco0_.record_id=?
2025-09-17 16:25:23 TRACE BasicBinder:64 - binding parameter [1] as [BIGINT] - [1]
2025-09-17 16:25:23 ERROR LibraryService:211 - Error returning book for record ID 1
org.hibernate.LazyInitializationException: could not initialize proxy [entity.Book#1] - no Session
	at org.hibernate.proxy.AbstractLazyInitializer.initialize(AbstractLazyInitializer.java:176)
	at org.hibernate.proxy.AbstractLazyInitializer.getImplementation(AbstractLazyInitializer.java:322)
	at org.hibernate.proxy.pojo.bytebuddy.ByteBuddyInterceptor.intercept(ByteBuddyInterceptor.java:45)
	at org.hibernate.proxy.ProxyConfiguration$InterceptorDispatcher.intercept(ProxyConfiguration.java:95)
	at entity.Book$HibernateProxy$ULGg3wxe.setStatus(Unknown Source)
	at service.LibraryService.returnBook(LibraryService.java:200)
	at main.LibraryManagementApp.returnBook(LibraryManagementApp.java:244)
	at main.LibraryManagementApp.runInteractiveMenu(LibraryManagementApp.java:131)
	at main.LibraryManagementApp.main(LibraryManagementApp.java:37)
2025-09-17 16:25:23 ERROR LibraryManagementApp:257 - Error in returnBook
java.lang.RuntimeException: Failed to return book
	at service.LibraryService.returnBook(LibraryService.java:212)
	at main.LibraryManagementApp.returnBook(LibraryManagementApp.java:244)
	at main.LibraryManagementApp.runInteractiveMenu(LibraryManagementApp.java:131)
	at main.LibraryManagementApp.main(LibraryManagementApp.java:37)
Caused by: org.hibernate.LazyInitializationException: could not initialize proxy [entity.Book#1] - no Session
	at org.hibernate.proxy.AbstractLazyInitializer.initialize(AbstractLazyInitializer.java:176)
	at org.hibernate.proxy.AbstractLazyInitializer.getImplementation(AbstractLazyInitializer.java:322)
	at org.hibernate.proxy.pojo.bytebuddy.ByteBuddyInterceptor.intercept(ByteBuddyInterceptor.java:45)
	at org.hibernate.proxy.ProxyConfiguration$InterceptorDispatcher.intercept(ProxyConfiguration.java:95)
	at entity.Book$HibernateProxy$ULGg3wxe.setStatus(Unknown Source)
	at service.LibraryService.returnBook(LibraryService.java:200)
	... 3 more
2025-09-17 16:29:56 INFO  LibraryManagementApp:30 - Starting Library Management System...
2025-09-17 16:29:56 INFO  LibraryManagementApp:49 - Initializing sample data...
2025-09-17 16:29:56 INFO  Version:44 - HHH000412: Hibernate ORM core version 5.6.15.Final
2025-09-17 16:29:57 INFO  Version:56 - HCANN000001: Hibernate Commons Annotations {5.1.2.Final}
2025-09-17 16:29:57 WARN  pooling:75 - HHH10001002: Using Hibernate built-in connection pool (not for production use!)
2025-09-17 16:29:57 INFO  pooling:119 - HHH10001005: using driver [com.mysql.cj.jdbc.Driver] at URL [jdbc:mysql://localhost:3306/library_db?useSSL=false&serverTimezone=UTC]
2025-09-17 16:29:57 INFO  pooling:128 - HHH10001001: Connection properties: {password=****, user=root}
2025-09-17 16:29:57 INFO  pooling:132 - HHH10001003: Autocommit mode: false
2025-09-17 16:29:57 INFO  DriverManagerConnectionProviderImpl:322 - HHH000115: Hibernate connection pool size: 10 (min=1)
2025-09-17 16:29:57 INFO  Dialect:175 - HHH000400: Using dialect: org.hibernate.dialect.MySQL8Dialect
2025-09-17 16:29:57 INFO  access:48 - HHH10001501: Connection obtained from JdbcConnectionAccess [org.hibernate.engine.jdbc.env.internal.JdbcEnvironmentInitiator$ConnectionProviderJdbcConnectionAccess@314b9e4b] for (non-JTA) DDL execution was not in auto-commit mode; the Connection 'local transaction' will be committed and the Connection will be set into auto-commit mode.
2025-09-17 16:29:58 INFO  HibernateUtil:30 - Hibernate SessionFactory created successfully
2025-09-17 16:29:58 DEBUG SQL:144 - 
    /* 
FROM
    Category c 
WHERE
    LOWER(c.name) = LOWER(:name) */ select
        category0_.category_id as category1_3_,
        category0_.description as descript2_3_,
        category0_.is_active as is_activ3_3_,
        category0_.name as name4_3_ 
    from
        categories category0_ 
    where
        lower(category0_.name)=lower(?)
2025-09-17 16:29:58 TRACE BasicBinder:64 - binding parameter [1] as [VARCHAR] - [Fiction]
2025-09-17 16:29:58 ERROR LibraryService:239 - Error adding category: Fiction
java.lang.IllegalArgumentException: Category already exists: Fiction
	at service.LibraryService.addCategory(LibraryService.java:230)
	at main.LibraryManagementApp.initializeSampleData(LibraryManagementApp.java:53)
	at main.LibraryManagementApp.main(LibraryManagementApp.java:34)
2025-09-17 16:29:58 ERROR LibraryManagementApp:110 - Error initializing sample data
java.lang.RuntimeException: Failed to add category
	at service.LibraryService.addCategory(LibraryService.java:240)
	at main.LibraryManagementApp.initializeSampleData(LibraryManagementApp.java:53)
	at main.LibraryManagementApp.main(LibraryManagementApp.java:34)
Caused by: java.lang.IllegalArgumentException: Category already exists: Fiction
	at service.LibraryService.addCategory(LibraryService.java:230)
	... 2 more
2025-09-17 16:30:04 DEBUG SQL:144 - 
    select
        borrowreco0_.record_id as record_i1_2_0_,
        borrowreco0_.book_id as book_id8_2_0_,
        borrowreco0_.borrow_date as borrow_d2_2_0_,
        borrowreco0_.due_date as due_date3_2_0_,
        borrowreco0_.fine_amount as fine_amo4_2_0_,
        borrowreco0_.member_id as member_i9_2_0_,
        borrowreco0_.notes as notes5_2_0_,
        borrowreco0_.return_date as return_d6_2_0_,
        borrowreco0_.status as status7_2_0_,
        book1_.book_id as book_id1_1_1_,
        book1_.author_id as author_i9_1_1_,
        book1_.category_id as categor10_1_1_,
        book1_.description as descript2_1_1_,
        book1_.isbn as isbn3_1_1_,
        book1_.pages as pages4_1_1_,
        book1_.price as price5_1_1_,
        book1_.publication_date as publicat6_1_1_,
        book1_.status as status7_1_1_,
        book1_.title as title8_1_1_,
        author2_.author_id as author_i1_0_2_,
        author2_.biography as biograph2_0_2_,
        author2_.birth_date as birth_da3_0_2_,
        author2_.email as email4_0_2_,
        author2_.first_name as first_na5_0_2_,
        author2_.is_active as is_activ6_0_2_,
        author2_.last_name as last_nam7_0_2_,
        author2_.nationality as national8_0_2_ 
    from
        borrow_records borrowreco0_ 
    inner join
        books book1_ 
            on borrowreco0_.book_id=book1_.book_id 
    left outer join
        authors author2_ 
            on book1_.author_id=author2_.author_id 
    where
        borrowreco0_.record_id=?
2025-09-17 16:30:04 TRACE BasicBinder:64 - binding parameter [1] as [BIGINT] - [1]
2025-09-17 16:30:04 DEBUG SQL:144 - 
    /* update
        entity.BorrowRecord */ update
            borrow_records 
        set
            book_id=?,
            borrow_date=?,
            due_date=?,
            fine_amount=?,
            member_id=?,
            notes=?,
            return_date=?,
            status=? 
        where
            record_id=?
2025-09-17 16:30:04 TRACE BasicBinder:64 - binding parameter [1] as [BIGINT] - [1]
2025-09-17 16:30:04 TRACE BasicBinder:64 - binding parameter [2] as [DATE] - [2025-09-17]
2025-09-17 16:30:04 TRACE BasicBinder:64 - binding parameter [3] as [DATE] - [2025-10-01]
2025-09-17 16:30:04 TRACE BasicBinder:64 - binding parameter [4] as [NUMERIC] - [0.00]
2025-09-17 16:30:04 TRACE BasicBinder:64 - binding parameter [5] as [BIGINT] - [1]
2025-09-17 16:30:04 TRACE BasicBinder:52 - binding parameter [6] as [VARCHAR] - [null]
2025-09-17 16:30:04 TRACE BasicBinder:64 - binding parameter [7] as [DATE] - [2025-09-17]
2025-09-17 16:30:04 TRACE BasicBinder:64 - binding parameter [8] as [VARCHAR] - [RETURNED]
2025-09-17 16:30:04 TRACE BasicBinder:64 - binding parameter [9] as [BIGINT] - [1]
2025-09-17 16:30:04 DEBUG SQL:144 - 
    /* update
        entity.Book */ update
            books 
        set
            author_id=?,
            category_id=?,
            description=?,
            isbn=?,
            pages=?,
            price=?,
            publication_date=?,
            status=?,
            title=? 
        where
            book_id=?
2025-09-17 16:30:04 TRACE BasicBinder:64 - binding parameter [1] as [BIGINT] - [1]
2025-09-17 16:30:04 TRACE BasicBinder:64 - binding parameter [2] as [BIGINT] - [1]
2025-09-17 16:30:04 TRACE BasicBinder:52 - binding parameter [3] as [CLOB] - [null]
2025-09-17 16:30:04 TRACE BasicBinder:64 - binding parameter [4] as [VARCHAR] - [978-0-452-28423-4]
2025-09-17 16:30:04 TRACE BasicBinder:64 - binding parameter [5] as [INTEGER] - [328]
2025-09-17 16:30:04 TRACE BasicBinder:64 - binding parameter [6] as [NUMERIC] - [15.99]
2025-09-17 16:30:04 TRACE BasicBinder:64 - binding parameter [7] as [DATE] - [1949-06-08]
2025-09-17 16:30:04 TRACE BasicBinder:64 - binding parameter [8] as [VARCHAR] - [AVAILABLE]
2025-09-17 16:30:04 TRACE BasicBinder:64 - binding parameter [9] as [VARCHAR] - [1984]
2025-09-17 16:30:04 TRACE BasicBinder:64 - binding parameter [10] as [BIGINT] - [1]
2025-09-17 16:30:04 ERROR LibraryService:211 - Error returning book for record ID 1
org.hibernate.LazyInitializationException: could not initialize proxy [entity.Member#1] - no Session
	at org.hibernate.proxy.AbstractLazyInitializer.initialize(AbstractLazyInitializer.java:176)
	at org.hibernate.proxy.AbstractLazyInitializer.getImplementation(AbstractLazyInitializer.java:322)
	at org.hibernate.proxy.pojo.bytebuddy.ByteBuddyInterceptor.intercept(ByteBuddyInterceptor.java:45)
	at org.hibernate.proxy.ProxyConfiguration$InterceptorDispatcher.intercept(ProxyConfiguration.java:95)
	at entity.Member$HibernateProxy$Zkl6Db0w.getFullName(Unknown Source)
	at service.LibraryService.returnBook(LibraryService.java:207)
	at main.LibraryManagementApp.returnBook(LibraryManagementApp.java:244)
	at main.LibraryManagementApp.runInteractiveMenu(LibraryManagementApp.java:131)
	at main.LibraryManagementApp.main(LibraryManagementApp.java:37)
2025-09-17 16:30:04 ERROR LibraryManagementApp:257 - Error in returnBook
java.lang.RuntimeException: Failed to return book
	at service.LibraryService.returnBook(LibraryService.java:212)
	at main.LibraryManagementApp.returnBook(LibraryManagementApp.java:244)
	at main.LibraryManagementApp.runInteractiveMenu(LibraryManagementApp.java:131)
	at main.LibraryManagementApp.main(LibraryManagementApp.java:37)
Caused by: org.hibernate.LazyInitializationException: could not initialize proxy [entity.Member#1] - no Session
	at org.hibernate.proxy.AbstractLazyInitializer.initialize(AbstractLazyInitializer.java:176)
	at org.hibernate.proxy.AbstractLazyInitializer.getImplementation(AbstractLazyInitializer.java:322)
	at org.hibernate.proxy.pojo.bytebuddy.ByteBuddyInterceptor.intercept(ByteBuddyInterceptor.java:45)
	at org.hibernate.proxy.ProxyConfiguration$InterceptorDispatcher.intercept(ProxyConfiguration.java:95)
	at entity.Member$HibernateProxy$Zkl6Db0w.getFullName(Unknown Source)
	at service.LibraryService.returnBook(LibraryService.java:207)
	... 3 more
2025-09-17 16:32:16 INFO  LibraryManagementApp:30 - Starting Library Management System...
2025-09-17 16:32:16 INFO  LibraryManagementApp:49 - Initializing sample data...
2025-09-17 16:32:16 INFO  Version:44 - HHH000412: Hibernate ORM core version 5.6.15.Final
2025-09-17 16:32:17 INFO  Version:56 - HCANN000001: Hibernate Commons Annotations {5.1.2.Final}
2025-09-17 16:32:17 WARN  pooling:75 - HHH10001002: Using Hibernate built-in connection pool (not for production use!)
2025-09-17 16:32:17 INFO  pooling:119 - HHH10001005: using driver [com.mysql.cj.jdbc.Driver] at URL [jdbc:mysql://localhost:3306/library_db?useSSL=false&serverTimezone=UTC]
2025-09-17 16:32:17 INFO  pooling:128 - HHH10001001: Connection properties: {password=****, user=root}
2025-09-17 16:32:17 INFO  pooling:132 - HHH10001003: Autocommit mode: false
2025-09-17 16:32:17 INFO  DriverManagerConnectionProviderImpl:322 - HHH000115: Hibernate connection pool size: 10 (min=1)
2025-09-17 16:32:17 INFO  Dialect:175 - HHH000400: Using dialect: org.hibernate.dialect.MySQL8Dialect
2025-09-17 16:32:17 INFO  access:48 - HHH10001501: Connection obtained from JdbcConnectionAccess [org.hibernate.engine.jdbc.env.internal.JdbcEnvironmentInitiator$ConnectionProviderJdbcConnectionAccess@51dae791] for (non-JTA) DDL execution was not in auto-commit mode; the Connection 'local transaction' will be committed and the Connection will be set into auto-commit mode.
2025-09-17 16:32:17 INFO  HibernateUtil:30 - Hibernate SessionFactory created successfully
2025-09-17 16:32:18 DEBUG SQL:144 - 
    /* 
FROM
    Category c 
WHERE
    LOWER(c.name) = LOWER(:name) */ select
        category0_.category_id as category1_3_,
        category0_.description as descript2_3_,
        category0_.is_active as is_activ3_3_,
        category0_.name as name4_3_ 
    from
        categories category0_ 
    where
        lower(category0_.name)=lower(?)
2025-09-17 16:32:18 TRACE BasicBinder:64 - binding parameter [1] as [VARCHAR] - [Fiction]
2025-09-17 16:32:18 ERROR LibraryService:239 - Error adding category: Fiction
java.lang.IllegalArgumentException: Category already exists: Fiction
	at service.LibraryService.addCategory(LibraryService.java:230)
	at main.LibraryManagementApp.initializeSampleData(LibraryManagementApp.java:53)
	at main.LibraryManagementApp.main(LibraryManagementApp.java:34)
2025-09-17 16:32:18 ERROR LibraryManagementApp:110 - Error initializing sample data
java.lang.RuntimeException: Failed to add category
	at service.LibraryService.addCategory(LibraryService.java:240)
	at main.LibraryManagementApp.initializeSampleData(LibraryManagementApp.java:53)
	at main.LibraryManagementApp.main(LibraryManagementApp.java:34)
Caused by: java.lang.IllegalArgumentException: Category already exists: Fiction
	at service.LibraryService.addCategory(LibraryService.java:230)
	... 2 more
2025-09-17 16:32:25 DEBUG SQL:144 - 
    select
        borrowreco0_.record_id as record_i1_2_0_,
        borrowreco0_.book_id as book_id8_2_0_,
        borrowreco0_.borrow_date as borrow_d2_2_0_,
        borrowreco0_.due_date as due_date3_2_0_,
        borrowreco0_.fine_amount as fine_amo4_2_0_,
        borrowreco0_.member_id as member_i9_2_0_,
        borrowreco0_.notes as notes5_2_0_,
        borrowreco0_.return_date as return_d6_2_0_,
        borrowreco0_.status as status7_2_0_ 
    from
        borrow_records borrowreco0_ 
    where
        borrowreco0_.record_id=?
2025-09-17 16:32:25 TRACE BasicBinder:64 - binding parameter [1] as [BIGINT] - [1]
2025-09-17 16:32:25 ERROR LibraryService:211 - Error returning book for record ID 1
java.lang.IllegalStateException: Book is not currently borrowed
	at service.LibraryService.returnBook(LibraryService.java:184)
	at main.LibraryManagementApp.returnBook(LibraryManagementApp.java:244)
	at main.LibraryManagementApp.runInteractiveMenu(LibraryManagementApp.java:131)
	at main.LibraryManagementApp.main(LibraryManagementApp.java:37)
2025-09-17 16:32:25 ERROR LibraryManagementApp:257 - Error in returnBook
java.lang.RuntimeException: Failed to return book
	at service.LibraryService.returnBook(LibraryService.java:212)
	at main.LibraryManagementApp.returnBook(LibraryManagementApp.java:244)
	at main.LibraryManagementApp.runInteractiveMenu(LibraryManagementApp.java:131)
	at main.LibraryManagementApp.main(LibraryManagementApp.java:37)
Caused by: java.lang.IllegalStateException: Book is not currently borrowed
	at service.LibraryService.returnBook(LibraryService.java:184)
	... 3 more
2025-09-17 16:34:38 DEBUG SQL:144 - 
    /* select
        count(generatedAlias0) 
    from
        Book as generatedAlias0 */ select
            count(book0_.book_id) as col_0_0_ 
        from
            books book0_
2025-09-17 16:34:38 DEBUG SQL:144 - 
    /* select
        generatedAlias0 
    from
        Book as generatedAlias0 
    where
        generatedAlias0.status=:param0 */ select
            book0_.book_id as book_id1_1_,
            book0_.author_id as author_i9_1_,
            book0_.category_id as categor10_1_,
            book0_.description as descript2_1_,
            book0_.isbn as isbn3_1_,
            book0_.pages as pages4_1_,
            book0_.price as price5_1_,
            book0_.publication_date as publicat6_1_,
            book0_.status as status7_1_,
            book0_.title as title8_1_ 
        from
            books book0_ 
        where
            book0_.status=?
2025-09-17 16:34:38 TRACE BasicBinder:64 - binding parameter [1] as [VARCHAR] - [AVAILABLE]
2025-09-17 16:34:38 DEBUG SQL:144 - 
    select
        author0_.author_id as author_i1_0_0_,
        author0_.biography as biograph2_0_0_,
        author0_.birth_date as birth_da3_0_0_,
        author0_.email as email4_0_0_,
        author0_.first_name as first_na5_0_0_,
        author0_.is_active as is_activ6_0_0_,
        author0_.last_name as last_nam7_0_0_,
        author0_.nationality as national8_0_0_ 
    from
        authors author0_ 
    where
        author0_.author_id=?
2025-09-17 16:34:38 TRACE BasicBinder:64 - binding parameter [1] as [BIGINT] - [1]
2025-09-17 16:34:38 DEBUG SQL:144 - 
    select
        author0_.author_id as author_i1_0_0_,
        author0_.biography as biograph2_0_0_,
        author0_.birth_date as birth_da3_0_0_,
        author0_.email as email4_0_0_,
        author0_.first_name as first_na5_0_0_,
        author0_.is_active as is_activ6_0_0_,
        author0_.last_name as last_nam7_0_0_,
        author0_.nationality as national8_0_0_ 
    from
        authors author0_ 
    where
        author0_.author_id=?
2025-09-17 16:34:38 TRACE BasicBinder:64 - binding parameter [1] as [BIGINT] - [2]
2025-09-17 16:34:38 DEBUG SQL:144 - 
    select
        author0_.author_id as author_i1_0_0_,
        author0_.biography as biograph2_0_0_,
        author0_.birth_date as birth_da3_0_0_,
        author0_.email as email4_0_0_,
        author0_.first_name as first_na5_0_0_,
        author0_.is_active as is_activ6_0_0_,
        author0_.last_name as last_nam7_0_0_,
        author0_.nationality as national8_0_0_ 
    from
        authors author0_ 
    where
        author0_.author_id=?
2025-09-17 16:34:38 TRACE BasicBinder:64 - binding parameter [1] as [BIGINT] - [3]
2025-09-17 16:34:38 DEBUG SQL:144 - 
    select
        borrowreco0_.book_id as book_id8_2_0_,
        borrowreco0_.record_id as record_i1_2_0_,
        borrowreco0_.record_id as record_i1_2_1_,
        borrowreco0_.book_id as book_id8_2_1_,
        borrowreco0_.borrow_date as borrow_d2_2_1_,
        borrowreco0_.due_date as due_date3_2_1_,
        borrowreco0_.fine_amount as fine_amo4_2_1_,
        borrowreco0_.member_id as member_i9_2_1_,
        borrowreco0_.notes as notes5_2_1_,
        borrowreco0_.return_date as return_d6_2_1_,
        borrowreco0_.status as status7_2_1_ 
    from
        borrow_records borrowreco0_ 
    where
        borrowreco0_.book_id=?
2025-09-17 16:34:38 TRACE BasicBinder:64 - binding parameter [1] as [BIGINT] - [4]
2025-09-17 16:34:38 DEBUG SQL:144 - 
    select
        borrowreco0_.book_id as book_id8_2_0_,
        borrowreco0_.record_id as record_i1_2_0_,
        borrowreco0_.record_id as record_i1_2_1_,
        borrowreco0_.book_id as book_id8_2_1_,
        borrowreco0_.borrow_date as borrow_d2_2_1_,
        borrowreco0_.due_date as due_date3_2_1_,
        borrowreco0_.fine_amount as fine_amo4_2_1_,
        borrowreco0_.member_id as member_i9_2_1_,
        borrowreco0_.notes as notes5_2_1_,
        borrowreco0_.return_date as return_d6_2_1_,
        borrowreco0_.status as status7_2_1_ 
    from
        borrow_records borrowreco0_ 
    where
        borrowreco0_.book_id=?
2025-09-17 16:34:38 TRACE BasicBinder:64 - binding parameter [1] as [BIGINT] - [3]
2025-09-17 16:34:38 DEBUG SQL:144 - 
    select
        borrowreco0_.book_id as book_id8_2_0_,
        borrowreco0_.record_id as record_i1_2_0_,
        borrowreco0_.record_id as record_i1_2_1_,
        borrowreco0_.book_id as book_id8_2_1_,
        borrowreco0_.borrow_date as borrow_d2_2_1_,
        borrowreco0_.due_date as due_date3_2_1_,
        borrowreco0_.fine_amount as fine_amo4_2_1_,
        borrowreco0_.member_id as member_i9_2_1_,
        borrowreco0_.notes as notes5_2_1_,
        borrowreco0_.return_date as return_d6_2_1_,
        borrowreco0_.status as status7_2_1_ 
    from
        borrow_records borrowreco0_ 
    where
        borrowreco0_.book_id=?
2025-09-17 16:34:38 TRACE BasicBinder:64 - binding parameter [1] as [BIGINT] - [2]
2025-09-17 16:34:38 DEBUG SQL:144 - 
    select
        borrowreco0_.book_id as book_id8_2_0_,
        borrowreco0_.record_id as record_i1_2_0_,
        borrowreco0_.record_id as record_i1_2_1_,
        borrowreco0_.book_id as book_id8_2_1_,
        borrowreco0_.borrow_date as borrow_d2_2_1_,
        borrowreco0_.due_date as due_date3_2_1_,
        borrowreco0_.fine_amount as fine_amo4_2_1_,
        borrowreco0_.member_id as member_i9_2_1_,
        borrowreco0_.notes as notes5_2_1_,
        borrowreco0_.return_date as return_d6_2_1_,
        borrowreco0_.status as status7_2_1_ 
    from
        borrow_records borrowreco0_ 
    where
        borrowreco0_.book_id=?
2025-09-17 16:34:38 TRACE BasicBinder:64 - binding parameter [1] as [BIGINT] - [1]
2025-09-17 16:34:38 DEBUG SQL:144 - 
    /* select
        generatedAlias0 
    from
        Book as generatedAlias0 
    where
        generatedAlias0.status=:param0 */ select
            book0_.book_id as book_id1_1_,
            book0_.author_id as author_i9_1_,
            book0_.category_id as categor10_1_,
            book0_.description as descript2_1_,
            book0_.isbn as isbn3_1_,
            book0_.pages as pages4_1_,
            book0_.price as price5_1_,
            book0_.publication_date as publicat6_1_,
            book0_.status as status7_1_,
            book0_.title as title8_1_ 
        from
            books book0_ 
        where
            book0_.status=?
2025-09-17 16:34:38 TRACE BasicBinder:64 - binding parameter [1] as [VARCHAR] - [BORROWED]
2025-09-17 16:34:38 DEBUG SQL:144 - 
    /* select
        count(generatedAlias0) 
    from
        Member as generatedAlias0 */ select
            count(member0_.member_id) as col_0_0_ 
        from
            members member0_
2025-09-17 16:34:38 DEBUG SQL:144 - 
    /* 
FROM
    Member m 
WHERE
    m.isActive = true 
ORDER BY
    m.lastName,
    m.firstName */ select
        member0_.member_id as member_i1_4_,
        member0_.city as city2_4_,
        member0_.country as country3_4_,
        member0_.postal_code as postal_c4_4_,
        member0_.state as state5_4_,
        member0_.street as street6_4_,
        member0_.email as email7_4_,
        member0_.first_name as first_na8_4_,
        member0_.is_active as is_activ9_4_,
        member0_.last_name as last_na10_4_,
        member0_.membership_date as members11_4_,
        member0_.membership_type as members12_4_,
        member0_.phone as phone13_4_ 
    from
        members member0_ 
    where
        member0_.is_active=1 
    order by
        member0_.last_name,
        member0_.first_name
2025-09-17 16:34:38 DEBUG SQL:144 - 
    /* 
FROM
    BorrowRecord br 
WHERE
    br.status = :status 
    AND br.dueDate < :currentDate */ select
        borrowreco0_.record_id as record_i1_2_,
        borrowreco0_.book_id as book_id8_2_,
        borrowreco0_.borrow_date as borrow_d2_2_,
        borrowreco0_.due_date as due_date3_2_,
        borrowreco0_.fine_amount as fine_amo4_2_,
        borrowreco0_.member_id as member_i9_2_,
        borrowreco0_.notes as notes5_2_,
        borrowreco0_.return_date as return_d6_2_,
        borrowreco0_.status as status7_2_ 
    from
        borrow_records borrowreco0_ 
    where
        borrowreco0_.status=? 
        and borrowreco0_.due_date<?
2025-09-17 16:34:38 TRACE BasicBinder:64 - binding parameter [1] as [VARCHAR] - [ACTIVE]
2025-09-17 16:34:38 TRACE BasicBinder:64 - binding parameter [2] as [DATE] - [2025-09-17]
2025-09-17 17:15:48 INFO  LibraryManagementApp:30 - Starting Library Management System...
2025-09-17 17:15:48 INFO  LibraryManagementApp:49 - Initializing sample data...
2025-09-17 17:15:48 INFO  Version:44 - HHH000412: Hibernate ORM core version 5.6.15.Final
2025-09-17 17:15:48 INFO  Version:56 - HCANN000001: Hibernate Commons Annotations {5.1.2.Final}
2025-09-17 17:15:48 WARN  pooling:75 - HHH10001002: Using Hibernate built-in connection pool (not for production use!)
2025-09-17 17:15:48 INFO  pooling:119 - HHH10001005: using driver [com.mysql.cj.jdbc.Driver] at URL [jdbc:mysql://localhost:3306/library_db?useSSL=false&serverTimezone=UTC]
2025-09-17 17:15:48 INFO  pooling:128 - HHH10001001: Connection properties: {password=****, user=root}
2025-09-17 17:15:48 INFO  pooling:132 - HHH10001003: Autocommit mode: false
2025-09-17 17:15:48 INFO  DriverManagerConnectionProviderImpl:322 - HHH000115: Hibernate connection pool size: 10 (min=1)
2025-09-17 17:15:49 INFO  Dialect:175 - HHH000400: Using dialect: org.hibernate.dialect.MySQL8Dialect
2025-09-17 17:15:49 INFO  access:48 - HHH10001501: Connection obtained from JdbcConnectionAccess [org.hibernate.engine.jdbc.env.internal.JdbcEnvironmentInitiator$ConnectionProviderJdbcConnectionAccess@51dae791] for (non-JTA) DDL execution was not in auto-commit mode; the Connection 'local transaction' will be committed and the Connection will be set into auto-commit mode.
2025-09-17 17:15:49 INFO  HibernateUtil:30 - Hibernate SessionFactory created successfully
2025-09-17 17:15:49 DEBUG SQL:144 - 
    /* 
FROM
    Category c 
WHERE
    LOWER(c.name) = LOWER(:name) */ select
        category0_.category_id as category1_3_,
        category0_.description as descript2_3_,
        category0_.is_active as is_activ3_3_,
        category0_.name as name4_3_ 
    from
        categories category0_ 
    where
        lower(category0_.name)=lower(?)
2025-09-17 17:15:49 TRACE BasicBinder:64 - binding parameter [1] as [VARCHAR] - [Fiction]
2025-09-17 17:15:49 ERROR LibraryService:239 - Error adding category: Fiction
java.lang.IllegalArgumentException: Category already exists: Fiction
	at service.LibraryService.addCategory(LibraryService.java:230)
	at main.LibraryManagementApp.initializeSampleData(LibraryManagementApp.java:53)
	at main.LibraryManagementApp.main(LibraryManagementApp.java:34)
2025-09-17 17:15:49 ERROR LibraryManagementApp:110 - Error initializing sample data
java.lang.RuntimeException: Failed to add category
	at service.LibraryService.addCategory(LibraryService.java:240)
	at main.LibraryManagementApp.initializeSampleData(LibraryManagementApp.java:53)
	at main.LibraryManagementApp.main(LibraryManagementApp.java:34)
Caused by: java.lang.IllegalArgumentException: Category already exists: Fiction
	at service.LibraryService.addCategory(LibraryService.java:230)
	... 2 more
2025-09-17 17:19:21 INFO  LibraryManagementApp:30 - Starting Library Management System...
2025-09-17 17:21:57 INFO  Version:44 - HHH000412: Hibernate ORM core version 5.6.15.Final
2025-09-17 17:21:58 INFO  Version:56 - HCANN000001: Hibernate Commons Annotations {5.1.2.Final}
2025-09-17 17:21:58 WARN  pooling:75 - HHH10001002: Using Hibernate built-in connection pool (not for production use!)
2025-09-17 17:21:58 INFO  pooling:119 - HHH10001005: using driver [com.mysql.cj.jdbc.Driver] at URL [jdbc:mysql://localhost:3306/library_db?useSSL=false&serverTimezone=UTC]
2025-09-17 17:21:58 INFO  pooling:128 - HHH10001001: Connection properties: {password=****, user=root}
2025-09-17 17:21:58 INFO  pooling:132 - HHH10001003: Autocommit mode: false
2025-09-17 17:21:58 INFO  DriverManagerConnectionProviderImpl:322 - HHH000115: Hibernate connection pool size: 10 (min=1)
2025-09-17 17:21:58 INFO  Dialect:175 - HHH000400: Using dialect: org.hibernate.dialect.MySQL8Dialect
2025-09-17 17:21:58 INFO  access:48 - HHH10001501: Connection obtained from JdbcConnectionAccess [org.hibernate.engine.jdbc.env.internal.JdbcEnvironmentInitiator$ConnectionProviderJdbcConnectionAccess@365cdacf] for (non-JTA) DDL execution was not in auto-commit mode; the Connection 'local transaction' will be committed and the Connection will be set into auto-commit mode.
2025-09-17 17:21:59 INFO  HibernateUtil:30 - Hibernate SessionFactory created successfully
2025-09-17 17:21:59 DEBUG SQL:144 - 
    /* 
FROM
    Book b 
LEFT JOIN
    FETCH b.author 
LEFT JOIN
    FETCH b.category 
WHERE
    LOWER(b.title) LIKE LOWER(:keyword) 
    OR LOWER(b.description) LIKE LOWER(:keyword) 
    OR LOWER(b.isbn) LIKE LOWER(:keyword) */ select
        book0_.book_id as book_id1_1_0_,
        author1_.author_id as author_i1_0_1_,
        category2_.category_id as category1_3_2_,
        book0_.author_id as author_i9_1_0_,
        book0_.category_id as categor10_1_0_,
        book0_.description as descript2_1_0_,
        book0_.isbn as isbn3_1_0_,
        book0_.pages as pages4_1_0_,
        book0_.price as price5_1_0_,
        book0_.publication_date as publicat6_1_0_,
        book0_.status as status7_1_0_,
        book0_.title as title8_1_0_,
        author1_.biography as biograph2_0_1_,
        author1_.birth_date as birth_da3_0_1_,
        author1_.email as email4_0_1_,
        author1_.first_name as first_na5_0_1_,
        author1_.is_active as is_activ6_0_1_,
        author1_.last_name as last_nam7_0_1_,
        author1_.nationality as national8_0_1_,
        category2_.description as descript2_3_2_,
        category2_.is_active as is_activ3_3_2_,
        category2_.name as name4_3_2_ 
    from
        books book0_ 
    left outer join
        authors author1_ 
            on book0_.author_id=author1_.author_id 
    left outer join
        categories category2_ 
            on book0_.category_id=category2_.category_id 
    where
        lower(book0_.title) like lower(?) 
        or lower(book0_.description) like lower(?) 
        or lower(book0_.isbn) like lower(?)
2025-09-17 17:21:59 TRACE BasicBinder:64 - binding parameter [1] as [VARCHAR] - [%Animal%]
2025-09-17 17:21:59 TRACE BasicBinder:64 - binding parameter [2] as [VARCHAR] - [%Animal%]
2025-09-17 17:21:59 TRACE BasicBinder:64 - binding parameter [3] as [VARCHAR] - [%Animal%]
2025-09-17 17:21:59 DEBUG SQL:144 - 
    select
        borrowreco0_.book_id as book_id8_2_0_,
        borrowreco0_.record_id as record_i1_2_0_,
        borrowreco0_.record_id as record_i1_2_1_,
        borrowreco0_.book_id as book_id8_2_1_,
        borrowreco0_.borrow_date as borrow_d2_2_1_,
        borrowreco0_.due_date as due_date3_2_1_,
        borrowreco0_.fine_amount as fine_amo4_2_1_,
        borrowreco0_.member_id as member_i9_2_1_,
        borrowreco0_.notes as notes5_2_1_,
        borrowreco0_.return_date as return_d6_2_1_,
        borrowreco0_.status as status7_2_1_ 
    from
        borrow_records borrowreco0_ 
    where
        borrowreco0_.book_id=?
2025-09-17 17:21:59 TRACE BasicBinder:64 - binding parameter [1] as [BIGINT] - [2]
2025-09-17 17:25:13 INFO  LibraryManagementApp:30 - Starting Library Management System...
2025-09-17 17:25:26 INFO  Version:44 - HHH000412: Hibernate ORM core version 5.6.15.Final
2025-09-17 17:25:26 INFO  Version:56 - HCANN000001: Hibernate Commons Annotations {5.1.2.Final}
2025-09-17 17:25:26 WARN  pooling:75 - HHH10001002: Using Hibernate built-in connection pool (not for production use!)
2025-09-17 17:25:26 INFO  pooling:119 - HHH10001005: using driver [com.mysql.cj.jdbc.Driver] at URL [jdbc:mysql://localhost:3306/library_db?useSSL=false&serverTimezone=UTC]
2025-09-17 17:25:26 INFO  pooling:128 - HHH10001001: Connection properties: {password=****, user=root}
2025-09-17 17:25:26 INFO  pooling:132 - HHH10001003: Autocommit mode: false
2025-09-17 17:25:26 INFO  DriverManagerConnectionProviderImpl:322 - HHH000115: Hibernate connection pool size: 10 (min=1)
2025-09-17 17:25:26 INFO  Dialect:175 - HHH000400: Using dialect: org.hibernate.dialect.MySQL8Dialect
2025-09-17 17:25:27 INFO  access:48 - HHH10001501: Connection obtained from JdbcConnectionAccess [org.hibernate.engine.jdbc.env.internal.JdbcEnvironmentInitiator$ConnectionProviderJdbcConnectionAccess@365cdacf] for (non-JTA) DDL execution was not in auto-commit mode; the Connection 'local transaction' will be committed and the Connection will be set into auto-commit mode.
2025-09-17 17:25:27 INFO  HibernateUtil:30 - Hibernate SessionFactory created successfully
2025-09-18 10:21:24 INFO  LibraryManagementApp:30 - Starting Library Management System...
2025-09-18 10:26:31 ERROR LibraryManagementApp:40 - Error in main application
java.util.NoSuchElementException: No line found
	at java.base/java.util.Scanner.nextLine(Scanner.java:1660)
	at main.LibraryManagementApp.searchBooks(LibraryManagementApp.java:175)
	at main.LibraryManagementApp.runInteractiveMenu(LibraryManagementApp.java:122)
	at main.LibraryManagementApp.main(LibraryManagementApp.java:37)
2025-09-18 10:26:31 INFO  Version:44 - HHH000412: Hibernate ORM core version 5.6.15.Final
2025-09-18 10:26:31 INFO  Version:56 - HCANN000001: Hibernate Commons Annotations {5.1.2.Final}
2025-09-18 10:26:31 WARN  pooling:75 - HHH10001002: Using Hibernate built-in connection pool (not for production use!)
2025-09-18 10:26:31 INFO  pooling:119 - HHH10001005: using driver [com.mysql.cj.jdbc.Driver] at URL [jdbc:mysql://localhost:3306/library_db?useSSL=false&serverTimezone=UTC]
2025-09-18 10:26:31 INFO  pooling:128 - HHH10001001: Connection properties: {password=****, user=root}
2025-09-18 10:26:31 INFO  pooling:132 - HHH10001003: Autocommit mode: false
2025-09-18 10:26:31 INFO  DriverManagerConnectionProviderImpl:322 - HHH000115: Hibernate connection pool size: 10 (min=1)
2025-09-18 10:26:32 INFO  Dialect:175 - HHH000400: Using dialect: org.hibernate.dialect.MySQL8Dialect
2025-09-18 10:26:32 INFO  access:48 - HHH10001501: Connection obtained from JdbcConnectionAccess [org.hibernate.engine.jdbc.env.internal.JdbcEnvironmentInitiator$ConnectionProviderJdbcConnectionAccess@19a20bb2] for (non-JTA) DDL execution was not in auto-commit mode; the Connection 'local transaction' will be committed and the Connection will be set into auto-commit mode.
2025-09-18 10:26:32 INFO  HibernateUtil:30 - Hibernate SessionFactory created successfully
2025-09-18 10:26:32 INFO  HibernateUtil:44 - Closing Hibernate SessionFactory
2025-09-18 10:26:32 INFO  pooling:550 - HHH10001008: Cleaning up connection pool [jdbc:mysql://localhost:3306/library_db?useSSL=false&serverTimezone=UTC]
2025-09-18 10:26:32 INFO  LibraryManagementApp:44 - Library Management System stopped.
2025-09-18 10:26:39 INFO  LibraryManagementApp:30 - Starting Library Management System...
2025-09-18 10:26:43 INFO  Version:44 - HHH000412: Hibernate ORM core version 5.6.15.Final
2025-09-18 10:26:44 INFO  Version:56 - HCANN000001: Hibernate Commons Annotations {5.1.2.Final}
2025-09-18 10:26:44 WARN  pooling:75 - HHH10001002: Using Hibernate built-in connection pool (not for production use!)
2025-09-18 10:26:44 INFO  pooling:119 - HHH10001005: using driver [com.mysql.cj.jdbc.Driver] at URL [jdbc:mysql://localhost:3306/library_db?useSSL=false&serverTimezone=UTC]
2025-09-18 10:26:44 INFO  pooling:128 - HHH10001001: Connection properties: {password=****, user=root}
2025-09-18 10:26:44 INFO  pooling:132 - HHH10001003: Autocommit mode: false
2025-09-18 10:26:44 INFO  DriverManagerConnectionProviderImpl:322 - HHH000115: Hibernate connection pool size: 10 (min=1)
2025-09-18 10:26:44 INFO  Dialect:175 - HHH000400: Using dialect: org.hibernate.dialect.MySQL8Dialect
2025-09-18 10:26:44 INFO  access:48 - HHH10001501: Connection obtained from JdbcConnectionAccess [org.hibernate.engine.jdbc.env.internal.JdbcEnvironmentInitiator$ConnectionProviderJdbcConnectionAccess@6f1b8544] for (non-JTA) DDL execution was not in auto-commit mode; the Connection 'local transaction' will be committed and the Connection will be set into auto-commit mode.
2025-09-18 10:26:45 INFO  HibernateUtil:30 - Hibernate SessionFactory created successfully
2025-09-18 10:29:39 INFO  LibraryManagementApp:30 - Starting Library Management System...
2025-09-18 10:29:39 INFO  LibraryManagementApp:49 - Initializing sample data...
2025-09-18 10:29:39 INFO  Version:44 - HHH000412: Hibernate ORM core version 5.6.15.Final
2025-09-18 10:29:39 INFO  Version:56 - HCANN000001: Hibernate Commons Annotations {5.1.2.Final}
2025-09-18 10:29:39 WARN  pooling:75 - HHH10001002: Using Hibernate built-in connection pool (not for production use!)
2025-09-18 10:29:39 INFO  pooling:119 - HHH10001005: using driver [com.mysql.cj.jdbc.Driver] at URL [jdbc:mysql://localhost:3306/library_db?useSSL=false&serverTimezone=UTC]
2025-09-18 10:29:39 INFO  pooling:128 - HHH10001001: Connection properties: {password=****, user=root}
2025-09-18 10:29:39 INFO  pooling:132 - HHH10001003: Autocommit mode: false
2025-09-18 10:29:39 INFO  DriverManagerConnectionProviderImpl:322 - HHH000115: Hibernate connection pool size: 10 (min=1)
2025-09-18 10:29:39 INFO  Dialect:175 - HHH000400: Using dialect: org.hibernate.dialect.MySQL8Dialect
2025-09-18 10:29:40 INFO  access:48 - HHH10001501: Connection obtained from JdbcConnectionAccess [org.hibernate.engine.jdbc.env.internal.JdbcEnvironmentInitiator$ConnectionProviderJdbcConnectionAccess@51dae791] for (non-JTA) DDL execution was not in auto-commit mode; the Connection 'local transaction' will be committed and the Connection will be set into auto-commit mode.
2025-09-18 10:29:40 INFO  HibernateUtil:30 - Hibernate SessionFactory created successfully
2025-09-18 10:29:40 INFO  LibraryService:235 - Category added successfully: Category{categoryId=1, name='Fiction', description='Fiction books and novels'}
2025-09-18 10:29:40 INFO  LibraryService:235 - Category added successfully: Category{categoryId=2, name='Non-Fiction', description='Educational and reference books'}
2025-09-18 10:29:40 INFO  LibraryService:235 - Category added successfully: Category{categoryId=3, name='Science', description='Science and technology books'}
2025-09-18 10:29:40 INFO  LibraryService:235 - Category added successfully: Category{categoryId=4, name='History', description='Historical books and biographies'}
2025-09-18 10:29:40 INFO  LibraryService:94 - Author added successfully: Author{authorId=1, firstName='George', lastName='Orwell', email='george.orwell@email.com'}
2025-09-18 10:29:40 INFO  LibraryService:94 - Author added successfully: Author{authorId=2, firstName='J.K.', lastName='Rowling', email='jk.rowling@email.com'}
2025-09-18 10:29:40 INFO  LibraryService:94 - Author added successfully: Author{authorId=3, firstName='Stephen', lastName='Hawking', email='stephen.hawking@email.com'}
2025-09-18 10:29:40 INFO  LibraryService:58 - Book added successfully: Book{bookId=1, title='1984', isbn='978-0-452-28423-4', price=15.99, status=AVAILABLE}
2025-09-18 10:29:40 INFO  LibraryService:58 - Book added successfully: Book{bookId=2, title='Animal Farm', isbn='978-0-452-28424-1', price=12.99, status=AVAILABLE}
2025-09-18 10:29:40 INFO  LibraryService:58 - Book added successfully: Book{bookId=3, title='Harry Potter and the Philosopher's Stone', isbn='978-0-7475-3269-9', price=19.99, status=AVAILABLE}
2025-09-18 10:29:40 INFO  LibraryService:58 - Book added successfully: Book{bookId=4, title='A Brief History of Time', isbn='978-0-553-38016-3', price=18.99, status=AVAILABLE}
2025-09-18 10:29:40 INFO  LibraryService:120 - Member registered successfully: Member{memberId=1, firstName='John', lastName='Doe', email='john.doe@email.com', membershipType=REGULAR}
2025-09-18 10:29:40 INFO  LibraryService:120 - Member registered successfully: Member{memberId=2, firstName='Jane', lastName='Smith', email='jane.smith@email.com', membershipType=PREMIUM}
2025-09-18 10:29:40 INFO  LibraryService:120 - Member registered successfully: Member{memberId=3, firstName='Bob', lastName='Johnson', email='bob.johnson@email.com', membershipType=STUDENT}
2025-09-18 10:29:40 INFO  LibraryManagementApp:107 - Sample data initialized successfully!
2025-09-18 10:31:45 INFO  LibraryService:166 - Book borrowed successfully: Animal Farm by John Doe
2025-09-18 10:37:39 INFO  LibraryManagementApp:30 - Starting Library Management System...
2025-09-18 10:37:39 INFO  LibraryManagementApp:49 - Initializing sample data...
2025-09-18 10:37:39 INFO  Version:44 - HHH000412: Hibernate ORM core version 5.6.15.Final
2025-09-18 10:37:39 INFO  Version:56 - HCANN000001: Hibernate Commons Annotations {5.1.2.Final}
2025-09-18 10:37:39 WARN  pooling:75 - HHH10001002: Using Hibernate built-in connection pool (not for production use!)
2025-09-18 10:37:39 INFO  pooling:119 - HHH10001005: using driver [com.mysql.cj.jdbc.Driver] at URL [jdbc:mysql://localhost:3306/library_db?useSSL=false&serverTimezone=UTC]
2025-09-18 10:37:39 INFO  pooling:128 - HHH10001001: Connection properties: {password=****, user=root}
2025-09-18 10:37:39 INFO  pooling:132 - HHH10001003: Autocommit mode: false
2025-09-18 10:37:39 INFO  DriverManagerConnectionProviderImpl:322 - HHH000115: Hibernate connection pool size: 10 (min=1)
2025-09-18 10:37:40 INFO  Dialect:175 - HHH000400: Using dialect: org.hibernate.dialect.MySQL8Dialect
2025-09-18 10:37:40 INFO  access:48 - HHH10001501: Connection obtained from JdbcConnectionAccess [org.hibernate.engine.jdbc.env.internal.JdbcEnvironmentInitiator$ConnectionProviderJdbcConnectionAccess@51dae791] for (non-JTA) DDL execution was not in auto-commit mode; the Connection 'local transaction' will be committed and the Connection will be set into auto-commit mode.
2025-09-18 10:37:40 INFO  HibernateUtil:30 - Hibernate SessionFactory created successfully
2025-09-18 10:37:40 ERROR LibraryService:239 - Error adding category: Fiction
java.lang.IllegalArgumentException: Category already exists: Fiction
	at service.LibraryService.addCategory(LibraryService.java:230)
	at main.LibraryManagementApp.initializeSampleData(LibraryManagementApp.java:53)
	at main.LibraryManagementApp.main(LibraryManagementApp.java:34)
2025-09-18 10:37:40 ERROR LibraryManagementApp:110 - Error initializing sample data
java.lang.RuntimeException: Failed to add category
	at service.LibraryService.addCategory(LibraryService.java:240)
	at main.LibraryManagementApp.initializeSampleData(LibraryManagementApp.java:53)
	at main.LibraryManagementApp.main(LibraryManagementApp.java:34)
Caused by: java.lang.IllegalArgumentException: Category already exists: Fiction
	at service.LibraryService.addCategory(LibraryService.java:230)
	... 2 more
2025-09-18 10:42:30 ERROR LibraryService:211 - Error returning book for record ID 1
org.hibernate.LazyInitializationException: could not initialize proxy [entity.Book#2] - no Session
	at org.hibernate.proxy.AbstractLazyInitializer.initialize(AbstractLazyInitializer.java:176)
	at org.hibernate.proxy.AbstractLazyInitializer.getImplementation(AbstractLazyInitializer.java:322)
	at org.hibernate.proxy.pojo.bytebuddy.ByteBuddyInterceptor.intercept(ByteBuddyInterceptor.java:45)
	at org.hibernate.proxy.ProxyConfiguration$InterceptorDispatcher.intercept(ProxyConfiguration.java:95)
	at entity.Book$HibernateProxy$vPkHGra6.setStatus(Unknown Source)
	at service.LibraryService.returnBook(LibraryService.java:200)
	at main.LibraryManagementApp.returnBook(LibraryManagementApp.java:244)
	at main.LibraryManagementApp.runInteractiveMenu(LibraryManagementApp.java:131)
	at main.LibraryManagementApp.main(LibraryManagementApp.java:37)
2025-09-18 10:42:30 ERROR LibraryManagementApp:257 - Error in returnBook
java.lang.RuntimeException: Failed to return book
	at service.LibraryService.returnBook(LibraryService.java:212)
	at main.LibraryManagementApp.returnBook(LibraryManagementApp.java:244)
	at main.LibraryManagementApp.runInteractiveMenu(LibraryManagementApp.java:131)
	at main.LibraryManagementApp.main(LibraryManagementApp.java:37)
Caused by: org.hibernate.LazyInitializationException: could not initialize proxy [entity.Book#2] - no Session
	at org.hibernate.proxy.AbstractLazyInitializer.initialize(AbstractLazyInitializer.java:176)
	at org.hibernate.proxy.AbstractLazyInitializer.getImplementation(AbstractLazyInitializer.java:322)
	at org.hibernate.proxy.pojo.bytebuddy.ByteBuddyInterceptor.intercept(ByteBuddyInterceptor.java:45)
	at org.hibernate.proxy.ProxyConfiguration$InterceptorDispatcher.intercept(ProxyConfiguration.java:95)
	at entity.Book$HibernateProxy$vPkHGra6.setStatus(Unknown Source)
	at service.LibraryService.returnBook(LibraryService.java:200)
	... 3 more
2025-09-18 10:43:02 ERROR LibraryService:211 - Error returning book for record ID 2
java.lang.IllegalArgumentException: Borrow record not found: 2
	at service.LibraryService.returnBook(LibraryService.java:180)
	at main.LibraryManagementApp.returnBook(LibraryManagementApp.java:244)
	at main.LibraryManagementApp.runInteractiveMenu(LibraryManagementApp.java:131)
	at main.LibraryManagementApp.main(LibraryManagementApp.java:37)
2025-09-18 10:43:02 ERROR LibraryManagementApp:257 - Error in returnBook
java.lang.RuntimeException: Failed to return book
	at service.LibraryService.returnBook(LibraryService.java:212)
	at main.LibraryManagementApp.returnBook(LibraryManagementApp.java:244)
	at main.LibraryManagementApp.runInteractiveMenu(LibraryManagementApp.java:131)
	at main.LibraryManagementApp.main(LibraryManagementApp.java:37)
Caused by: java.lang.IllegalArgumentException: Borrow record not found: 2
	at service.LibraryService.returnBook(LibraryService.java:180)
	... 3 more
2025-09-18 10:43:51 ERROR LibraryService:211 - Error returning book for record ID 1
org.hibernate.LazyInitializationException: could not initialize proxy [entity.Book#2] - no Session
	at org.hibernate.proxy.AbstractLazyInitializer.initialize(AbstractLazyInitializer.java:176)
	at org.hibernate.proxy.AbstractLazyInitializer.getImplementation(AbstractLazyInitializer.java:322)
	at org.hibernate.proxy.pojo.bytebuddy.ByteBuddyInterceptor.intercept(ByteBuddyInterceptor.java:45)
	at org.hibernate.proxy.ProxyConfiguration$InterceptorDispatcher.intercept(ProxyConfiguration.java:95)
	at entity.Book$HibernateProxy$vPkHGra6.setStatus(Unknown Source)
	at service.LibraryService.returnBook(LibraryService.java:200)
	at main.LibraryManagementApp.returnBook(LibraryManagementApp.java:244)
	at main.LibraryManagementApp.runInteractiveMenu(LibraryManagementApp.java:131)
	at main.LibraryManagementApp.main(LibraryManagementApp.java:37)
2025-09-18 10:43:51 ERROR LibraryManagementApp:257 - Error in returnBook
java.lang.RuntimeException: Failed to return book
	at service.LibraryService.returnBook(LibraryService.java:212)
	at main.LibraryManagementApp.returnBook(LibraryManagementApp.java:244)
	at main.LibraryManagementApp.runInteractiveMenu(LibraryManagementApp.java:131)
	at main.LibraryManagementApp.main(LibraryManagementApp.java:37)
Caused by: org.hibernate.LazyInitializationException: could not initialize proxy [entity.Book#2] - no Session
	at org.hibernate.proxy.AbstractLazyInitializer.initialize(AbstractLazyInitializer.java:176)
	at org.hibernate.proxy.AbstractLazyInitializer.getImplementation(AbstractLazyInitializer.java:322)
	at org.hibernate.proxy.pojo.bytebuddy.ByteBuddyInterceptor.intercept(ByteBuddyInterceptor.java:45)
	at org.hibernate.proxy.ProxyConfiguration$InterceptorDispatcher.intercept(ProxyConfiguration.java:95)
	at entity.Book$HibernateProxy$vPkHGra6.setStatus(Unknown Source)
	at service.LibraryService.returnBook(LibraryService.java:200)
	... 3 more
2025-09-18 10:45:13 INFO  LibraryManagementApp:30 - Starting Library Management System...
2025-09-18 10:45:13 INFO  LibraryManagementApp:49 - Initializing sample data...
2025-09-18 10:45:13 INFO  Version:44 - HHH000412: Hibernate ORM core version 5.6.15.Final
2025-09-18 10:45:13 INFO  Version:56 - HCANN000001: Hibernate Commons Annotations {5.1.2.Final}
2025-09-18 10:45:13 WARN  pooling:75 - HHH10001002: Using Hibernate built-in connection pool (not for production use!)
2025-09-18 10:45:13 INFO  pooling:119 - HHH10001005: using driver [com.mysql.cj.jdbc.Driver] at URL [jdbc:mysql://localhost:3306/library_db?useSSL=false&serverTimezone=UTC]
2025-09-18 10:45:13 INFO  pooling:128 - HHH10001001: Connection properties: {password=****, user=root}
2025-09-18 10:45:13 INFO  pooling:132 - HHH10001003: Autocommit mode: false
2025-09-18 10:45:13 INFO  DriverManagerConnectionProviderImpl:322 - HHH000115: Hibernate connection pool size: 10 (min=1)
2025-09-18 10:45:13 INFO  Dialect:175 - HHH000400: Using dialect: org.hibernate.dialect.MySQL8Dialect
2025-09-18 10:45:14 INFO  access:48 - HHH10001501: Connection obtained from JdbcConnectionAccess [org.hibernate.engine.jdbc.env.internal.JdbcEnvironmentInitiator$ConnectionProviderJdbcConnectionAccess@303c55fa] for (non-JTA) DDL execution was not in auto-commit mode; the Connection 'local transaction' will be committed and the Connection will be set into auto-commit mode.
2025-09-18 10:45:14 INFO  HibernateUtil:30 - Hibernate SessionFactory created successfully
2025-09-18 10:45:14 ERROR LibraryService:239 - Error adding category: Fiction
java.lang.IllegalArgumentException: Category already exists: Fiction
	at service.LibraryService.addCategory(LibraryService.java:230)
	at main.LibraryManagementApp.initializeSampleData(LibraryManagementApp.java:53)
	at main.LibraryManagementApp.main(LibraryManagementApp.java:34)
2025-09-18 10:45:14 ERROR LibraryManagementApp:110 - Error initializing sample data
java.lang.RuntimeException: Failed to add category
	at service.LibraryService.addCategory(LibraryService.java:240)
	at main.LibraryManagementApp.initializeSampleData(LibraryManagementApp.java:53)
	at main.LibraryManagementApp.main(LibraryManagementApp.java:34)
Caused by: java.lang.IllegalArgumentException: Category already exists: Fiction
	at service.LibraryService.addCategory(LibraryService.java:230)
	... 2 more
2025-09-18 10:45:22 ERROR LibraryService:211 - Error returning book for record ID 1
org.hibernate.LazyInitializationException: could not initialize proxy [entity.Member#1] - no Session
	at org.hibernate.proxy.AbstractLazyInitializer.initialize(AbstractLazyInitializer.java:176)
	at org.hibernate.proxy.AbstractLazyInitializer.getImplementation(AbstractLazyInitializer.java:322)
	at org.hibernate.proxy.pojo.bytebuddy.ByteBuddyInterceptor.intercept(ByteBuddyInterceptor.java:45)
	at org.hibernate.proxy.ProxyConfiguration$InterceptorDispatcher.intercept(ProxyConfiguration.java:95)
	at entity.Member$HibernateProxy$UdzywkMV.getFullName(Unknown Source)
	at service.LibraryService.returnBook(LibraryService.java:207)
	at main.LibraryManagementApp.returnBook(LibraryManagementApp.java:244)
	at main.LibraryManagementApp.runInteractiveMenu(LibraryManagementApp.java:131)
	at main.LibraryManagementApp.main(LibraryManagementApp.java:37)
2025-09-18 10:45:22 ERROR LibraryManagementApp:257 - Error in returnBook
java.lang.RuntimeException: Failed to return book
	at service.LibraryService.returnBook(LibraryService.java:212)
	at main.LibraryManagementApp.returnBook(LibraryManagementApp.java:244)
	at main.LibraryManagementApp.runInteractiveMenu(LibraryManagementApp.java:131)
	at main.LibraryManagementApp.main(LibraryManagementApp.java:37)
Caused by: org.hibernate.LazyInitializationException: could not initialize proxy [entity.Member#1] - no Session
	at org.hibernate.proxy.AbstractLazyInitializer.initialize(AbstractLazyInitializer.java:176)
	at org.hibernate.proxy.AbstractLazyInitializer.getImplementation(AbstractLazyInitializer.java:322)
	at org.hibernate.proxy.pojo.bytebuddy.ByteBuddyInterceptor.intercept(ByteBuddyInterceptor.java:45)
	at org.hibernate.proxy.ProxyConfiguration$InterceptorDispatcher.intercept(ProxyConfiguration.java:95)
	at entity.Member$HibernateProxy$UdzywkMV.getFullName(Unknown Source)
	at service.LibraryService.returnBook(LibraryService.java:207)
	... 3 more
2025-09-18 10:45:58 INFO  LibraryManagementApp:30 - Starting Library Management System...
2025-09-18 10:45:58 INFO  LibraryManagementApp:49 - Initializing sample data...
2025-09-18 10:45:58 INFO  Version:44 - HHH000412: Hibernate ORM core version 5.6.15.Final
2025-09-18 10:45:58 INFO  Version:56 - HCANN000001: Hibernate Commons Annotations {5.1.2.Final}
2025-09-18 10:45:58 WARN  pooling:75 - HHH10001002: Using Hibernate built-in connection pool (not for production use!)
2025-09-18 10:45:58 INFO  pooling:119 - HHH10001005: using driver [com.mysql.cj.jdbc.Driver] at URL [jdbc:mysql://localhost:3306/library_db?useSSL=false&serverTimezone=UTC]
2025-09-18 10:45:58 INFO  pooling:128 - HHH10001001: Connection properties: {password=****, user=root}
2025-09-18 10:45:58 INFO  pooling:132 - HHH10001003: Autocommit mode: false
2025-09-18 10:45:58 INFO  DriverManagerConnectionProviderImpl:322 - HHH000115: Hibernate connection pool size: 10 (min=1)
2025-09-18 10:45:58 INFO  Dialect:175 - HHH000400: Using dialect: org.hibernate.dialect.MySQL8Dialect
2025-09-18 10:45:59 INFO  access:48 - HHH10001501: Connection obtained from JdbcConnectionAccess [org.hibernate.engine.jdbc.env.internal.JdbcEnvironmentInitiator$ConnectionProviderJdbcConnectionAccess@6587305a] for (non-JTA) DDL execution was not in auto-commit mode; the Connection 'local transaction' will be committed and the Connection will be set into auto-commit mode.
2025-09-18 10:45:59 INFO  HibernateUtil:30 - Hibernate SessionFactory created successfully
2025-09-18 10:45:59 ERROR LibraryService:239 - Error adding category: Fiction
java.lang.IllegalArgumentException: Category already exists: Fiction
	at service.LibraryService.addCategory(LibraryService.java:230)
	at main.LibraryManagementApp.initializeSampleData(LibraryManagementApp.java:53)
	at main.LibraryManagementApp.main(LibraryManagementApp.java:34)
2025-09-18 10:45:59 ERROR LibraryManagementApp:110 - Error initializing sample data
java.lang.RuntimeException: Failed to add category
	at service.LibraryService.addCategory(LibraryService.java:240)
	at main.LibraryManagementApp.initializeSampleData(LibraryManagementApp.java:53)
	at main.LibraryManagementApp.main(LibraryManagementApp.java:34)
Caused by: java.lang.IllegalArgumentException: Category already exists: Fiction
	at service.LibraryService.addCategory(LibraryService.java:230)
	... 2 more
2025-09-18 10:46:06 ERROR LibraryService:211 - Error returning book for record ID 1
java.lang.IllegalStateException: Book is not currently borrowed
	at service.LibraryService.returnBook(LibraryService.java:184)
	at main.LibraryManagementApp.returnBook(LibraryManagementApp.java:244)
	at main.LibraryManagementApp.runInteractiveMenu(LibraryManagementApp.java:131)
	at main.LibraryManagementApp.main(LibraryManagementApp.java:37)
2025-09-18 10:46:06 ERROR LibraryManagementApp:257 - Error in returnBook
java.lang.RuntimeException: Failed to return book
	at service.LibraryService.returnBook(LibraryService.java:212)
	at main.LibraryManagementApp.returnBook(LibraryManagementApp.java:244)
	at main.LibraryManagementApp.runInteractiveMenu(LibraryManagementApp.java:131)
	at main.LibraryManagementApp.main(LibraryManagementApp.java:37)
Caused by: java.lang.IllegalStateException: Book is not currently borrowed
	at service.LibraryService.returnBook(LibraryService.java:184)
	... 3 more
2025-09-18 11:10:17 INFO  LibraryManagementApp:30 - Starting Library Management System...
2025-09-18 12:05:55 INFO  LibraryManagementApp:31 - Starting Library Management System...
2025-09-18 12:06:42 INFO  Version:44 - HHH000412: Hibernate ORM core version 5.6.15.Final
2025-09-18 12:06:43 INFO  Version:56 - HCANN000001: Hibernate Commons Annotations {5.1.2.Final}
2025-09-18 12:06:43 WARN  pooling:75 - HHH10001002: Using Hibernate built-in connection pool (not for production use!)
2025-09-18 12:06:43 INFO  pooling:119 - HHH10001005: using driver [com.mysql.cj.jdbc.Driver] at URL [jdbc:mysql://localhost:3306/library_db?useSSL=false&serverTimezone=UTC]
2025-09-18 12:06:43 INFO  pooling:128 - HHH10001001: Connection properties: {password=****, user=root}
2025-09-18 12:06:43 INFO  pooling:132 - HHH10001003: Autocommit mode: false
2025-09-18 12:06:43 INFO  DriverManagerConnectionProviderImpl:322 - HHH000115: Hibernate connection pool size: 10 (min=1)
2025-09-18 12:06:43 INFO  Dialect:175 - HHH000400: Using dialect: org.hibernate.dialect.MySQL8Dialect
2025-09-18 12:06:43 INFO  access:48 - HHH10001501: Connection obtained from JdbcConnectionAccess [org.hibernate.engine.jdbc.env.internal.JdbcEnvironmentInitiator$ConnectionProviderJdbcConnectionAccess@abbe000] for (non-JTA) DDL execution was not in auto-commit mode; the Connection 'local transaction' will be committed and the Connection will be set into auto-commit mode.
2025-09-18 12:06:43 INFO  HibernateUtil:30 - Hibernate SessionFactory created successfully
2025-09-18 12:07:05 INFO  LibraryService:58 - Book added successfully: Book{bookId=5, title='Disney', isbn='345', price=45, status=AVAILABLE}
